attack_start,attack_kind,prob_prebunk,prob_immune,prob_share_indifferent,prob_share_disinfo,prob_share_facts,s,i,r
5,2,0.5,0.7,0.0,0.0,0.0,68.7,6.02,25.28
5,2,0.5,0.7,0.0,0.0,0.1,0.28,6.07,93.65
5,2,0.5,0.7,0.0,0.0,0.2,0.15,6.02,93.83
5,2,0.5,0.7,0.0,0.0,0.3,0.12,6.47,93.41
5,2,0.5,0.7,0.0,0.0,0.4,0.26,6.3,93.44
5,2,0.5,0.7,0.0,0.0,0.5,0.1,6.17,93.73
5,2,0.5,0.7,0.0,0.0,0.6,0.18,6.07,93.75
5,2,0.5,0.7,0.0,0.0,0.7,0.26,6.26,93.48
5,2,0.5,0.7,0.0,0.0,0.8,0.19,6.04,93.77
5,2,0.5,0.7,0.0,0.0,0.9,0.19,5.99,93.82
5,2,0.5,0.7,0.0,0.0,1.0,0.22,6.2,93.58
5,2,0.5,0.7,0.0,0.1,0.0,6.21,68.74,25.05
5,2,0.5,0.7,0.0,0.1,0.1,0.09,29.14,70.77
5,2,0.5,0.7,0.0,0.1,0.2,0.25,15.96,83.79
5,2,0.5,0.7,0.0,0.1,0.3,0.08,13.22,86.7
5,2,0.5,0.7,0.0,0.1,0.4,0.03,11.14,88.83
5,2,0.5,0.7,0.0,0.1,0.5,0.18,11.12,88.7
5,2,0.5,0.7,0.0,0.1,0.6,0.09,8.88,91.03
5,2,0.5,0.7,0.0,0.1,0.7,0.12,8.05,91.83
5,2,0.5,0.7,0.0,0.1,0.8,0.1,8.34,91.56
5,2,0.5,0.7,0.0,0.1,0.9,0.08,7.67,92.25
5,2,0.5,0.7,0.0,0.1,1.0,0.05,6.91,93.04
5,2,0.5,0.7,0.0,0.2,0.0,8.74,66.78,24.48
5,2,0.5,0.7,0.0,0.2,0.1,0.07,37.69,62.24
5,2,0.5,0.7,0.0,0.2,0.2,0.05,23.91,76.04
5,2,0.5,0.7,0.0,0.2,0.3,0.02,19.94,80.04
5,2,0.5,0.7,0.0,0.2,0.4,0.07,14.1,85.83
5,2,0.5,0.7,0.0,0.2,0.5,0.08,14.7,85.22
5,2,0.5,0.7,0.0,0.2,0.6,0.02,12.18,87.8
5,2,0.5,0.7,0.0,0.2,0.7,0.07,10.22,89.71
5,2,0.5,0.7,0.0,0.2,0.8,0.07,9.1,90.83
5,2,0.5,0.7,0.0,0.2,0.9,0.04,8.82,91.14
5,2,0.5,0.7,0.0,0.2,1.0,0.14,6.73,93.13
5,2,0.5,0.7,0.0,0.3,0.0,10.37,64.96,24.67
5,2,0.5,0.7,0.0,0.3,0.1,0.05,45.56,54.39
5,2,0.5,0.7,0.0,0.3,0.2,0.03,32.16,67.81
5,2,0.5,0.7,0.0,0.3,0.3,0.06,24.48,75.46
5,2,0.5,0.7,0.0,0.3,0.4,0.09,21.86,78.05
5,2,0.5,0.7,0.0,0.3,0.5,0.01,17.25,82.74
5,2,0.5,0.7,0.0,0.3,0.6,0.04,14.5,85.46
5,2,0.5,0.7,0.0,0.3,0.7,0.05,12.51,87.44
5,2,0.5,0.7,0.0,0.3,0.8,0.03,11.82,88.15
5,2,0.5,0.7,0.0,0.3,0.9,0.04,9.92,90.04
5,2,0.5,0.7,0.0,0.3,1.0,0.15,8.86,90.99
5,2,0.5,0.7,0.0,0.4,0.0,9.21,65.74,25.05
5,2,0.5,0.7,0.0,0.4,0.1,0.0,49.93,50.07
5,2,0.5,0.7,0.0,0.4,0.2,0.01,34.72,65.27
5,2,0.5,0.7,0.0,0.4,0.3,0.03,29.24,70.73
5,2,0.5,0.7,0.0,0.4,0.4,0.04,20.72,79.24
5,2,0.5,0.7,0.0,0.4,0.5,0.02,21.22,78.76
5,2,0.5,0.7,0.0,0.4,0.6,0.11,16.15,83.74
5,2,0.5,0.7,0.0,0.4,0.7,0.07,13.75,86.18
5,2,0.5,0.7,0.0,0.4,0.8,0.04,13.1,86.86
5,2,0.5,0.7,0.0,0.4,0.9,0.07,10.91,89.02
5,2,0.5,0.7,0.0,0.4,1.0,0.1,8.96,90.94
5,2,0.5,0.7,0.0,0.5,0.0,7.89,67.2,24.91
5,2,0.5,0.7,0.0,0.5,0.1,0.02,53.09,46.89
5,2,0.5,0.7,0.0,0.5,0.2,0.04,39.77,60.19
5,2,0.5,0.7,0.0,0.5,0.3,0.04,34.25,65.71
5,2,0.5,0.7,0.0,0.5,0.4,0.04,25.13,74.83
5,2,0.5,0.7,0.0,0.5,0.5,0.09,21.18,78.73
5,2,0.5,0.7,0.0,0.5,0.6,0.07,20.09,79.84
5,2,0.5,0.7,0.0,0.5,0.7,0.04,14.35,85.61
5,2,0.5,0.7,0.0,0.5,0.8,0.09,13.22,86.69
5,2,0.5,0.7,0.0,0.5,0.9,0.08,12.3,87.62
5,2,0.5,0.7,0.0,0.5,1.0,0.03,10.92,89.05
5,2,0.5,0.7,0.0,0.6,0.0,8.69,66.95,24.36
5,2,0.5,0.7,0.0,0.6,0.1,0.0,51.74,48.26
5,2,0.5,0.7,0.0,0.6,0.2,0.04,43.75,56.21
5,2,0.5,0.7,0.0,0.6,0.3,0.03,34.68,65.29
5,2,0.5,0.7,0.0,0.6,0.4,0.02,28.5,71.48
5,2,0.5,0.7,0.0,0.6,0.5,0.02,24.84,75.14
5,2,0.5,0.7,0.0,0.6,0.6,0.02,21.58,78.4
5,2,0.5,0.7,0.0,0.6,0.7,0.06,16.09,83.85
5,2,0.5,0.7,0.0,0.6,0.8,0.09,13.93,85.98
5,2,0.5,0.7,0.0,0.6,0.9,0.04,14.4,85.56
5,2,0.5,0.7,0.0,0.6,1.0,0.03,10.15,89.82
5,2,0.5,0.7,0.0,0.7,0.0,10.22,64.09,25.69
5,2,0.5,0.7,0.0,0.7,0.1,0.04,50.87,49.09
5,2,0.5,0.7,0.0,0.7,0.2,0.03,46.94,53.03
5,2,0.5,0.7,0.0,0.7,0.3,0.03,38.97,61.0
5,2,0.5,0.7,0.0,0.7,0.4,0.06,32.26,67.68
5,2,0.5,0.7,0.0,0.7,0.5,0.02,25.62,74.36
5,2,0.5,0.7,0.0,0.7,0.6,0.05,21.98,77.97
5,2,0.5,0.7,0.0,0.7,0.7,0.02,19.08,80.9
5,2,0.5,0.7,0.0,0.7,0.8,0.05,13.96,85.99
5,2,0.5,0.7,0.0,0.7,0.9,0.06,14.07,85.87
5,2,0.5,0.7,0.0,0.7,1.0,0.05,12.18,87.77
5,2,0.5,0.7,0.0,0.8,0.0,10.13,65.25,24.62
5,2,0.5,0.7,0.0,0.8,0.1,0.01,55.11,44.88
5,2,0.5,0.7,0.0,0.8,0.2,0.02,48.48,51.5
5,2,0.5,0.7,0.0,0.8,0.3,0.0,41.42,58.58
5,2,0.5,0.7,0.0,0.8,0.4,0.07,34.2,65.73
5,2,0.5,0.7,0.0,0.8,0.5,0.03,30.36,69.61
5,2,0.5,0.7,0.0,0.8,0.6,0.03,26.97,73.0
5,2,0.5,0.7,0.0,0.8,0.7,0.01,20.12,79.87
5,2,0.5,0.7,0.0,0.8,0.8,0.06,20.06,79.88
5,2,0.5,0.7,0.0,0.8,0.9,0.07,15.41,84.52
5,2,0.5,0.7,0.0,0.8,1.0,0.03,13.7,86.27
5,2,0.5,0.7,0.0,0.9,0.0,8.72,66.6,24.68
5,2,0.5,0.7,0.0,0.9,0.1,0.0,58.64,41.36
5,2,0.5,0.7,0.0,0.9,0.2,0.06,47.54,52.4
5,2,0.5,0.7,0.0,0.9,0.3,0.03,42.74,57.23
5,2,0.5,0.7,0.0,0.9,0.4,0.04,32.71,67.25
5,2,0.5,0.7,0.0,0.9,0.5,0.01,31.74,68.25
5,2,0.5,0.7,0.0,0.9,0.6,0.09,21.56,78.35
5,2,0.5,0.7,0.0,0.9,0.7,0.04,21.98,77.98
5,2,0.5,0.7,0.0,0.9,0.8,0.06,17.28,82.66
5,2,0.5,0.7,0.0,0.9,0.9,0.07,15.88,84.05
5,2,0.5,0.7,0.0,0.9,1.0,0.04,15.32,84.64
5,2,0.5,0.7,0.0,1.0,0.0,10.65,63.94,25.41
5,2,0.5,0.7,0.0,1.0,0.1,0.04,57.15,42.81
5,2,0.5,0.7,0.0,1.0,0.2,0.05,48.09,51.86
5,2,0.5,0.7,0.0,1.0,0.3,0.01,42.45,57.54
5,2,0.5,0.7,0.0,1.0,0.4,0.03,37.6,62.37
5,2,0.5,0.7,0.0,1.0,0.5,0.02,30.77,69.21
5,2,0.5,0.7,0.0,1.0,0.6,0.01,29.61,70.38
5,2,0.5,0.7,0.0,1.0,0.7,0.01,22.32,77.67
5,2,0.5,0.7,0.0,1.0,0.8,0.03,19.57,80.4
5,2,0.5,0.7,0.0,1.0,0.9,0.05,18.02,81.93
5,2,0.5,0.7,0.0,1.0,1.0,0.03,15.54,84.43
5,2,0.5,0.7,0.1,0.0,0.0,69.35,6.09,24.56
5,2,0.5,0.7,0.1,0.0,0.1,0.31,5.8,93.89
5,2,0.5,0.7,0.1,0.0,0.2,0.17,6.32,93.51
5,2,0.5,0.7,0.1,0.0,0.3,0.2,6.29,93.51
5,2,0.5,0.7,0.1,0.0,0.4,0.23,6.1,93.67
5,2,0.5,0.7,0.1,0.0,0.5,0.36,6.05,93.59
5,2,0.5,0.7,0.1,0.0,0.6,0.17,5.93,93.9
5,2,0.5,0.7,0.1,0.0,0.7,0.61,6.18,93.21
5,2,0.5,0.7,0.1,0.0,0.8,0.22,6.28,93.5
5,2,0.5,0.7,0.1,0.0,0.9,0.18,6.25,93.57
5,2,0.5,0.7,0.1,0.0,1.0,0.14,6.01,93.85
5,2,0.5,0.7,0.1,0.1,0.0,8.35,66.29,25.36
5,2,0.5,0.7,0.1,0.1,0.1,0.02,26.18,73.8
5,2,0.5,0.7,0.1,0.1,0.2,0.01,15.47,84.52
5,2,0.5,0.7,0.1,0.1,0.3,0.05,11.79,88.16
5,2,0.5,0.7,0.1,0.1,0.4,0.06,9.5,90.44
5,2,0.5,0.7,0.1,0.1,0.5,0.04,8.51,91.45
5,2,0.5,0.7,0.1,0.1,0.6,0.08,8.46,91.46
5,2,0.5,0.7,0.1,0.1,0.7,0.06,8.08,91.86
5,2,0.5,0.7,0.1,0.1,0.8,0.14,7.68,92.18
5,2,0.5,0.7,0.1,0.1,0.9,0.11,7.31,92.58
5,2,0.5,0.7,0.1,0.1,1.0,0.09,6.92,92.99
5,2,0.5,0.7,0.1,0.2,0.0,9.36,65.74,24.9
5,2,0.5,0.7,0.1,0.2,0.1,0.1,33.37,66.53
5,2,0.5,0.7,0.1,0.2,0.2,0.0,26.76,73.24
5,2,0.5,0.7,0.1,0.2,0.3,0.03,17.99,81.98
5,2,0.5,0.7,0.1,0.2,0.4,0.05,13.18,86.77
5,2,0.5,0.7,0.1,0.2,0.5,0.05,11.84,88.11
5,2,0.5,0.7,0.1,0.2,0.6,0.06,9.49,90.45
5,2,0.5,0.7,0.1,0.2,0.7,0.09,10.16,89.75
5,2,0.5,0.7,0.1,0.2,0.8,0.08,8.84,91.08
5,2,0.5,0.7,0.1,0.2,0.9,0.09,8.95,90.96
5,2,0.5,0.7,0.1,0.2,1.0,0.11,8.15,91.74
5,2,0.5,0.7,0.1,0.3,0.0,11.42,63.33,25.25
5,2,0.5,0.7,0.1,0.3,0.1,0.07,45.32,54.61
5,2,0.5,0.7,0.1,0.3,0.2,0.09,27.74,72.17
5,2,0.5,0.7,0.1,0.3,0.3,0.02,23.46,76.52
5,2,0.5,0.7,0.1,0.3,0.4,0.04,16.72,83.24
5,2,0.5,0.7,0.1,0.3,0.5,0.04,16.16,83.8
5,2,0.5,0.7,0.1,0.3,0.6,0.09,12.24,87.67
5,2,0.5,0.7,0.1,0.3,0.7,0.02,11.25,88.73
5,2,0.5,0.7,0.1,0.3,0.8,0.05,9.68,90.27
5,2,0.5,0.7,0.1,0.3,0.9,0.05,9.18,90.77
5,2,0.5,0.7,0.1,0.3,1.0,0.06,7.92,92.02
5,2,0.5,0.7,0.1,0.4,0.0,12.51,61.93,25.56
5,2,0.5,0.7,0.1,0.4,0.1,0.01,41.73,58.26
5,2,0.5,0.7,0.1,0.4,0.2,0.01,32.36,67.63
5,2,0.5,0.7,0.1,0.4,0.3,0.02,24.44,75.54
5,2,0.5,0.7,0.1,0.4,0.4,0.02,23.54,76.44
5,2,0.5,0.7,0.1,0.4,0.5,0.03,16.74,83.23
5,2,0.5,0.7,0.1,0.4,0.6,0.12,14.35,85.53
5,2,0.5,0.7,0.1,0.4,0.7,0.01,11.7,88.29
5,2,0.5,0.7,0.1,0.4,0.8,0.11,11.01,88.88
5,2,0.5,0.7,0.1,0.4,0.9,0.01,9.6,90.39
5,2,0.5,0.7,0.1,0.4,1.0,0.07,8.9,91.03
5,2,0.5,0.7,0.1,0.5,0.0,7.35,67.27,25.38
5,2,0.5,0.7,0.1,0.5,0.1,0.01,52.49,47.5
5,2,0.5,0.7,0.1,0.5,0.2,0.01,36.57,63.42
5,2,0.5,0.7,0.1,0.5,0.3,0.01,27.06,72.93
5,2,0.5,0.7,0.1,0.5,0.4,0.1,19.94,79.96
5,2,0.5,0.7,0.1,0.5,0.5,0.06,17.76,82.18
5,2,0.5,0.7,0.1,0.5,0.6,0.05,16.11,83.84
5,2,0.5,0.7,0.1,0.5,0.7,0.07,13.46,86.47
5,2,0.5,0.7,0.1,0.5,0.8,0.05,10.97,88.98
5,2,0.5,0.7,0.1,0.5,0.9,0.07,11.0,88.93
5,2,0.5,0.7,0.1,0.5,1.0,0.08,10.48,89.44
5,2,0.5,0.7,0.1,0.6,0.0,6.9,67.9,25.2
5,2,0.5,0.7,0.1,0.6,0.1,0.05,51.04,48.91
5,2,0.5,0.7,0.1,0.6,0.2,0.01,40.46,59.53
5,2,0.5,0.7,0.1,0.6,0.3,0.04,31.53,68.43
5,2,0.5,0.7,0.1,0.6,0.4,0.02,27.58,72.4
5,2,0.5,0.7,0.1,0.6,0.5,0.04,19.76,80.2
5,2,0.5,0.7,0.1,0.6,0.6,0.04,17.48,82.48
5,2,0.5,0.7,0.1,0.6,0.7,0.12,14.35,85.53
5,2,0.5,0.7,0.1,0.6,0.8,0.02,12.86,87.12
5,2,0.5,0.7,0.1,0.6,0.9,0.11,11.77,88.12
5,2,0.5,0.7,0.1,0.6,1.0,0.04,10.85,89.11
5,2,0.5,0.7,0.1,0.7,0.0,9.12,65.32,25.56
5,2,0.5,0.7,0.1,0.7,0.1,0.01,57.31,42.68
5,2,0.5,0.7,0.1,0.7,0.2,0.05,41.43,58.52
5,2,0.5,0.7,0.1,0.7,0.3,0.02,33.8,66.18
5,2,0.5,0.7,0.1,0.7,0.4,0.05,28.14,71.81
5,2,0.5,0.7,0.1,0.7,0.5,0.07,22.95,76.98
5,2,0.5,0.7,0.1,0.7,0.6,0.03,22.13,77.84
5,2,0.5,0.7,0.1,0.7,0.7,0.03,17.95,82.02
5,2,0.5,0.7,0.1,0.7,0.8,0.03,14.92,85.05
5,2,0.5,0.7,0.1,0.7,0.9,0.04,10.8,89.16
5,2,0.5,0.7,0.1,0.7,1.0,0.12,13.23,86.65
5,2,0.5,0.7,0.1,0.8,0.0,9.52,65.97,24.51
5,2,0.5,0.7,0.1,0.8,0.1,0.01,53.11,46.88
5,2,0.5,0.7,0.1,0.8,0.2,0.01,37.36,62.63
5,2,0.5,0.7,0.1,0.8,0.3,0.05,34.34,65.61
5,2,0.5,0.7,0.1,0.8,0.4,0.0,31.62,68.38
5,2,0.5,0.7,0.1,0.8,0.5,0.04,25.71,74.25
5,2,0.5,0.7,0.1,0.8,0.6,0.03,19.92,80.05
5,2,0.5,0.7,0.1,0.8,0.7,0.07,17.64,82.29
5,2,0.5,0.7,0.1,0.8,0.8,0.06,15.26,84.68
5,2,0.5,0.7,0.1,0.8,0.9,0.02,12.58,87.4
5,2,0.5,0.7,0.1,0.8,1.0,0.07,11.9,88.03
5,2,0.5,0.7,0.1,0.9,0.0,12.98,61.94,25.08
5,2,0.5,0.7,0.1,0.9,0.1,0.01,54.25,45.74
5,2,0.5,0.7,0.1,0.9,0.2,0.02,42.99,56.99
5,2,0.5,0.7,0.1,0.9,0.3,0.01,38.46,61.53
5,2,0.5,0.7,0.1,0.9,0.4,0.04,33.21,66.75
5,2,0.5,0.7,0.1,0.9,0.5,0.03,26.03,73.94
5,2,0.5,0.7,0.1,0.9,0.6,0.05,22.98,76.97
5,2,0.5,0.7,0.1,0.9,0.7,0.02,18.83,81.15
5,2,0.5,0.7,0.1,0.9,0.8,0.06,18.96,80.98
5,2,0.5,0.7,0.1,0.9,0.9,0.03,14.22,85.75
5,2,0.5,0.7,0.1,0.9,1.0,0.06,12.93,87.01
5,2,0.5,0.7,0.1,1.0,0.0,5.97,69.47,24.56
5,2,0.5,0.7,0.1,1.0,0.1,0.0,56.34,43.66
5,2,0.5,0.7,0.1,1.0,0.2,0.01,45.36,54.63
5,2,0.5,0.7,0.1,1.0,0.3,0.02,43.07,56.91
5,2,0.5,0.7,0.1,1.0,0.4,0.05,28.81,71.14
5,2,0.5,0.7,0.1,1.0,0.5,0.06,30.19,69.75
5,2,0.5,0.7,0.1,1.0,0.6,0.04,25.51,74.45
5,2,0.5,0.7,0.1,1.0,0.7,0.01,21.33,78.66
5,2,0.5,0.7,0.1,1.0,0.8,0.05,19.14,80.81
5,2,0.5,0.7,0.1,1.0,0.9,0.14,13.97,85.89
5,2,0.5,0.7,0.1,1.0,1.0,0.02,15.73,84.25
5,2,0.5,0.7,0.2,0.0,0.0,68.68,6.06,25.26
5,2,0.5,0.7,0.2,0.0,0.1,0.15,6.18,93.67
5,2,0.5,0.7,0.2,0.0,0.2,0.3,6.06,93.64
5,2,0.5,0.7,0.2,0.0,0.3,0.18,6.35,93.47
5,2,0.5,0.7,0.2,0.0,0.4,0.48,6.09,93.43
5,2,0.5,0.7,0.2,0.0,0.5,0.15,6.0,93.85
5,2,0.5,0.7,0.2,0.0,0.6,0.22,6.0,93.78
5,2,0.5,0.7,0.2,0.0,0.7,0.18,5.99,93.83
5,2,0.5,0.7,0.2,0.0,0.8,0.44,6.08,93.48
5,2,0.5,0.7,0.2,0.0,0.9,0.14,6.24,93.62
5,2,0.5,0.7,0.2,0.0,1.0,0.17,6.06,93.77
5,2,0.5,0.7,0.2,0.1,0.0,10.09,65.25,24.66
5,2,0.5,0.7,0.2,0.1,0.1,0.07,20.75,79.18
5,2,0.5,0.7,0.2,0.1,0.2,0.03,14.2,85.77
5,2,0.5,0.7,0.2,0.1,0.3,0.09,10.47,89.44
5,2,0.5,0.7,0.2,0.1,0.4,0.11,8.15,91.74
5,2,0.5,0.7,0.2,0.1,0.5,0.08,8.28,91.64
5,2,0.5,0.7,0.2,0.1,0.6,0.11,7.41,92.48
5,2,0.5,0.7,0.2,0.1,0.7,0.1,7.4,92.5
5,2,0.5,0.7,0.2,0.1,0.8,0.16,7.1,92.74
5,2,0.5,0.7,0.2,0.1,0.9,0.13,6.66,93.21
5,2,0.5,0.7,0.2,0.1,1.0,0.09,6.69,93.22
5,2,0.5,0.7,0.2,0.2,0.0,12.68,62.48,24.84
5,2,0.5,0.7,0.2,0.2,0.1,0.04,33.32,66.64
5,2,0.5,0.7,0.2,0.2,0.2,0.06,21.43,78.51
5,2,0.5,0.7,0.2,0.2,0.3,0.04,13.51,86.45
5,2,0.5,0.7,0.2,0.2,0.4,0.12,13.02,86.86
5,2,0.5,0.7,0.2,0.2,0.5,0.06,9.71,90.23
5,2,0.5,0.7,0.2,0.2,0.6,0.14,9.78,90.08
5,2,0.5,0.7,0.2,0.2,0.7,0.05,8.36,91.59
5,2,0.5,0.7,0.2,0.2,0.8,0.06,7.82,92.12
5,2,0.5,0.7,0.2,0.2,0.9,0.06,7.46,92.48
5,2,0.5,0.7,0.2,0.2,1.0,0.04,7.28,92.68
5,2,0.5,0.7,0.2,0.3,0.0,9.84,66.24,23.92
5,2,0.5,0.7,0.2,0.3,0.1,0.0,39.48,60.52
5,2,0.5,0.7,0.2,0.3,0.2,0.01,24.2,75.79
5,2,0.5,0.7,0.2,0.3,0.3,0.03,20.48,79.49
5,2,0.5,0.7,0.2,0.3,0.4,0.11,14.45,85.44
5,2,0.5,0.7,0.2,0.3,0.5,0.07,13.49,86.44
5,2,0.5,0.7,0.2,0.3,0.6,0.06,10.27,89.67
5,2,0.5,0.7,0.2,0.3,0.7,0.08,9.8,90.12
5,2,0.5,0.7,0.2,0.3,0.8,0.06,8.66,91.28
5,2,0.5,0.7,0.2,0.3,0.9,0.13,7.72,92.15
5,2,0.5,0.7,0.2,0.3,1.0,0.04,7.43,92.53
5,2,0.5,0.7,0.2,0.4,0.0,9.17,66.78,24.05
5,2,0.5,0.7,0.2,0.4,0.1,0.01,46.61,53.38
5,2,0.5,0.7,0.2,0.4,0.2,0.06,26.29,73.65
5,2,0.5,0.7,0.2,0.4,0.3,0.08,21.83,78.09
5,2,0.5,0.7,0.2,0.4,0.4,0.08,15.78,84.14
5,2,0.5,0.7,0.2,0.4,0.5,0.07,13.81,86.12
5,2,0.5,0.7,0.2,0.4,0.6,0.09,11.23,88.68
5,2,0.5,0.7,0.2,0.4,0.7,0.05,11.16,88.79
5,2,0.5,0.7,0.2,0.4,0.8,0.07,9.33,90.6
5,2,0.5,0.7,0.2,0.4,0.9,0.02,8.36,91.62
5,2,0.5,0.7,0.2,0.4,1.0,0.04,8.32,91.64
5,2,0.5,0.7,0.2,0.5,0.0,8.9,66.27,24.83
5,2,0.5,0.7,0.2,0.5,0.1,0.03,47.49,52.48
5,2,0.5,0.7,0.2,0.5,0.2,0.01,36.05,63.94
5,2,0.5,0.7,0.2,0.5,0.3,0.02,25.77,74.21
5,2,0.5,0.7,0.2,0.5,0.4,0.06,20.66,79.28
5,2,0.5,0.7,0.2,0.5,0.5,0.03,15.48,84.49
5,2,0.5,0.7,0.2,0.5,0.6,0.04,14.59,85.37
5,2,0.5,0.7,0.2,0.5,0.7,0.06,10.9,89.04
5,2,0.5,0.7,0.2,0.5,0.8,0.03,11.31,88.66
5,2,0.5,0.7,0.2,0.5,0.9,0.08,9.75,90.17
5,2,0.5,0.7,0.2,0.5,1.0,0.11,8.61,91.28
5,2,0.5,0.7,0.2,0.6,0.0,6.07,68.93,25.0
5,2,0.5,0.7,0.2,0.6,0.1,0.01,50.44,49.55
5,2,0.5,0.7,0.2,0.6,0.2,0.02,36.6,63.38
5,2,0.5,0.7,0.2,0.6,0.3,0.01,28.53,71.46
5,2,0.5,0.7,0.2,0.6,0.4,0.09,21.27,78.64
5,2,0.5,0.7,0.2,0.6,0.5,0.06,19.96,79.98
5,2,0.5,0.7,0.2,0.6,0.6,0.03,15.0,84.97
5,2,0.5,0.7,0.2,0.6,0.7,0.11,14.11,85.78
5,2,0.5,0.7,0.2,0.6,0.8,0.03,11.53,88.44
5,2,0.5,0.7,0.2,0.6,0.9,0.02,9.83,90.15
5,2,0.5,0.7,0.2,0.6,1.0,0.05,10.43,89.52
5,2,0.5,0.7,0.2,0.7,0.0,4.31,69.72,25.97
5,2,0.5,0.7,0.2,0.7,0.1,0.03,47.45,52.52
5,2,0.5,0.7,0.2,0.7,0.2,0.05,40.1,59.85
5,2,0.5,0.7,0.2,0.7,0.3,0.03,34.41,65.56
5,2,0.5,0.7,0.2,0.7,0.4,0.05,22.85,77.1
5,2,0.5,0.7,0.2,0.7,0.5,0.05,19.57,80.38
5,2,0.5,0.7,0.2,0.7,0.6,0.05,15.65,84.3
5,2,0.5,0.7,0.2,0.7,0.7,0.07,13.4,86.53
5,2,0.5,0.7,0.2,0.7,0.8,0.06,11.89,88.05
5,2,0.5,0.7,0.2,0.7,0.9,0.06,9.92,90.02
5,2,0.5,0.7,0.2,0.7,1.0,0.1,8.96,90.94
5,2,0.5,0.7,0.2,0.8,0.0,8.02,67.31,24.67
5,2,0.5,0.7,0.2,0.8,0.1,0.05,55.32,44.63
5,2,0.5,0.7,0.2,0.8,0.2,0.01,41.51,58.48
5,2,0.5,0.7,0.2,0.8,0.3,0.01,31.83,68.16
5,2,0.5,0.7,0.2,0.8,0.4,0.06,26.98,72.96
5,2,0.5,0.7,0.2,0.8,0.5,0.06,24.62,75.32
5,2,0.5,0.7,0.2,0.8,0.6,0.04,17.4,82.56
5,2,0.5,0.7,0.2,0.8,0.7,0.14,12.26,87.6
5,2,0.5,0.7,0.2,0.8,0.8,0.0,13.76,86.24
5,2,0.5,0.7,0.2,0.8,0.9,0.09,11.93,87.98
5,2,0.5,0.7,0.2,0.8,1.0,0.08,10.76,89.16
5,2,0.5,0.7,0.2,0.9,0.0,11.8,61.97,26.23
5,2,0.5,0.7,0.2,0.9,0.1,0.09,52.65,47.26
5,2,0.5,0.7,0.2,0.9,0.2,0.01,41.15,58.84
5,2,0.5,0.7,0.2,0.9,0.3,0.02,34.63,65.35
5,2,0.5,0.7,0.2,0.9,0.4,0.01,28.2,71.79
5,2,0.5,0.7,0.2,0.9,0.5,0.02,23.0,76.98
5,2,0.5,0.7,0.2,0.9,0.6,0.04,22.2,77.76
5,2,0.5,0.7,0.2,0.9,0.7,0.06,15.07,84.87
5,2,0.5,0.7,0.2,0.9,0.8,0.06,15.06,84.88
5,2,0.5,0.7,0.2,0.9,0.9,0.07,12.82,87.11
5,2,0.5,0.7,0.2,0.9,1.0,0.09,10.49,89.42
5,2,0.5,0.7,0.2,1.0,0.0,4.89,70.45,24.66
5,2,0.5,0.7,0.2,1.0,0.1,0.0,55.99,44.01
5,2,0.5,0.7,0.2,1.0,0.2,0.08,46.72,53.2
5,2,0.5,0.7,0.2,1.0,0.3,0.02,32.17,67.81
5,2,0.5,0.7,0.2,1.0,0.4,0.02,30.92,69.06
5,2,0.5,0.7,0.2,1.0,0.5,0.02,25.71,74.27
5,2,0.5,0.7,0.2,1.0,0.6,0.05,20.52,79.43
5,2,0.5,0.7,0.2,1.0,0.7,0.05,16.83,83.12
5,2,0.5,0.7,0.2,1.0,0.8,0.04,15.9,84.06
5,2,0.5,0.7,0.2,1.0,0.9,0.07,13.73,86.2
5,2,0.5,0.7,0.2,1.0,1.0,0.04,10.2,89.76
5,2,0.5,0.7,0.3,0.0,0.0,68.63,6.05,25.32
5,2,0.5,0.7,0.3,0.0,0.1,0.37,6.09,93.54
5,2,0.5,0.7,0.3,0.0,0.2,0.16,5.98,93.86
5,2,0.5,0.7,0.3,0.0,0.3,0.2,6.15,93.65
5,2,0.5,0.7,0.3,0.0,0.4,0.17,6.15,93.68
5,2,0.5,0.7,0.3,0.0,0.5,0.17,6.22,93.61
5,2,0.5,0.7,0.3,0.0,0.6,0.13,6.12,93.75
5,2,0.5,0.7,0.3,0.0,0.7,0.22,5.9,93.88
5,2,0.5,0.7,0.3,0.0,0.8,0.16,6.19,93.65
5,2,0.5,0.7,0.3,0.0,0.9,0.2,6.0,93.8
5,2,0.5,0.7,0.3,0.0,1.0,0.35,6.04,93.61
5,2,0.5,0.7,0.3,0.1,0.0,11.68,62.22,26.1
5,2,0.5,0.7,0.3,0.1,0.1,0.09,19.25,80.66
5,2,0.5,0.7,0.3,0.1,0.2,0.04,13.14,86.82
5,2,0.5,0.7,0.3,0.1,0.3,0.1,9.9,90.0
5,2,0.5,0.7,0.3,0.1,0.4,0.13,8.56,91.31
5,2,0.5,0.7,0.3,0.1,0.5,0.02,7.37,92.61
5,2,0.5,0.7,0.3,0.1,0.6,0.14,7.47,92.39
5,2,0.5,0.7,0.3,0.1,0.7,0.08,7.15,92.77
5,2,0.5,0.7,0.3,0.1,0.8,0.08,6.85,93.07
5,2,0.5,0.7,0.3,0.1,0.9,0.1,6.96,92.94
5,2,0.5,0.7,0.3,0.1,1.0,0.08,6.42,93.5
5,2,0.5,0.7,0.3,0.2,0.0,14.34,60.57,25.09
5,2,0.5,0.7,0.3,0.2,0.1,0.03,27.04,72.93
5,2,0.5,0.7,0.3,0.2,0.2,0.06,16.78,83.16
5,2,0.5,0.7,0.3,0.2,0.3,0.09,13.35,86.56
5,2,0.5,0.7,0.3,0.2,0.4,0.1,10.45,89.45
5,2,0.5,0.7,0.3,0.2,0.5,0.06,9.91,90.03
5,2,0.5,0.7,0.3,0.2,0.6,0.07,8.85,91.08
5,2,0.5,0.7,0.3,0.2,0.7,0.08,7.68,92.24
5,2,0.5,0.7,0.3,0.2,0.8,0.12,7.15,92.73
5,2,0.5,0.7,0.3,0.2,0.9,0.08,7.06,92.86
5,2,0.5,0.7,0.3,0.2,1.0,0.06,6.69,93.25
5,2,0.5,0.7,0.3,0.3,0.0,10.49,63.38,26.13
5,2,0.5,0.7,0.3,0.3,0.1,0.03,37.07,62.9
5,2,0.5,0.7,0.3,0.3,0.2,0.04,18.68,81.28
5,2,0.5,0.7,0.3,0.3,0.3,0.08,14.37,85.55
5,2,0.5,0.7,0.3,0.3,0.4,0.16,12.34,87.5
5,2,0.5,0.7,0.3,0.3,0.5,0.08,10.78,89.14
5,2,0.5,0.7,0.3,0.3,0.6,0.12,8.62,91.26
5,2,0.5,0.7,0.3,0.3,0.7,0.04,8.73,91.23
5,2,0.5,0.7,0.3,0.3,0.8,0.06,8.03,91.91
5,2,0.5,0.7,0.3,0.3,0.9,0.08,7.51,92.41
5,2,0.5,0.7,0.3,0.3,1.0,0.13,7.35,92.52
5,2,0.5,0.7,0.3,0.4,0.0,6.65,68.11,25.24
5,2,0.5,0.7,0.3,0.4,0.1,0.02,43.25,56.73
5,2,0.5,0.7,0.3,0.4,0.2,0.05,21.79,78.16
5,2,0.5,0.7,0.3,0.4,0.3,0.05,19.04,80.91
5,2,0.5,0.7,0.3,0.4,0.4,0.07,15.17,84.76
5,2,0.5,0.7,0.3,0.4,0.5,0.06,12.31,87.63
5,2,0.5,0.7,0.3,0.4,0.6,0.04,11.49,88.47
5,2,0.5,0.7,0.3,0.4,0.7,0.05,8.76,91.19
5,2,0.5,0.7,0.3,0.4,0.8,0.07,8.39,91.54
5,2,0.5,0.7,0.3,0.4,0.9,0.06,7.99,91.95
5,2,0.5,0.7,0.3,0.4,1.0,0.06,7.67,92.27
5,2,0.5,0.7,0.3,0.5,0.0,8.21,68.05,23.74
5,2,0.5,0.7,0.3,0.5,0.1,0.03,40.36,59.61
5,2,0.5,0.7,0.3,0.5,0.2,0.02,28.43,71.55
5,2,0.5,0.7,0.3,0.5,0.3,0.03,20.71,79.26
5,2,0.5,0.7,0.3,0.5,0.4,0.09,14.92,84.99
5,2,0.5,0.7,0.3,0.5,0.5,0.04,12.05,87.91
5,2,0.5,0.7,0.3,0.5,0.6,0.0,11.16,88.84
5,2,0.5,0.7,0.3,0.5,0.7,0.12,10.03,89.85
5,2,0.5,0.7,0.3,0.5,0.8,0.1,8.55,91.35
5,2,0.5,0.7,0.3,0.5,0.9,0.1,8.9,91.0
5,2,0.5,0.7,0.3,0.5,1.0,0.11,7.62,92.27
5,2,0.5,0.7,0.3,0.6,0.0,10.32,64.49,25.19
5,2,0.5,0.7,0.3,0.6,0.1,0.01,49.38,50.61
5,2,0.5,0.7,0.3,0.6,0.2,0.03,33.64,66.33
5,2,0.5,0.7,0.3,0.6,0.3,0.06,20.71,79.23
5,2,0.5,0.7,0.3,0.6,0.4,0.06,20.39,79.55
5,2,0.5,0.7,0.3,0.6,0.5,0.1,14.68,85.22
5,2,0.5,0.7,0.3,0.6,0.6,0.09,11.85,88.06
5,2,0.5,0.7,0.3,0.6,0.7,0.08,11.19,88.73
5,2,0.5,0.7,0.3,0.6,0.8,0.02,10.14,89.84
5,2,0.5,0.7,0.3,0.6,0.9,0.08,8.67,91.25
5,2,0.5,0.7,0.3,0.6,1.0,0.03,9.04,90.93
5,2,0.5,0.7,0.3,0.7,0.0,6.44,68.29,25.27
5,2,0.5,0.7,0.3,0.7,0.1,0.03,45.11,54.86
5,2,0.5,0.7,0.3,0.7,0.2,0.01,36.89,63.1
5,2,0.5,0.7,0.3,0.7,0.3,0.03,21.92,78.05
5,2,0.5,0.7,0.3,0.7,0.4,0.07,21.5,78.43
5,2,0.5,0.7,0.3,0.7,0.5,0.14,15.37,84.49
5,2,0.5,0.7,0.3,0.7,0.6,0.06,15.82,84.12
5,2,0.5,0.7,0.3,0.7,0.7,0.12,11.75,88.13
5,2,0.5,0.7,0.3,0.7,0.8,0.06,12.42,87.52
5,2,0.5,0.7,0.3,0.7,0.9,0.09,9.0,90.91
5,2,0.5,0.7,0.3,0.7,1.0,0.1,7.71,92.19
5,2,0.5,0.7,0.3,0.8,0.0,7.39,68.1,24.51
5,2,0.5,0.7,0.3,0.8,0.1,0.0,52.35,47.65
5,2,0.5,0.7,0.3,0.8,0.2,0.02,39.71,60.27
5,2,0.5,0.7,0.3,0.8,0.3,0.0,28.73,71.27
5,2,0.5,0.7,0.3,0.8,0.4,0.03,22.14,77.83
5,2,0.5,0.7,0.3,0.8,0.5,0.04,18.27,81.69
5,2,0.5,0.7,0.3,0.8,0.6,0.06,13.2,86.74
5,2,0.5,0.7,0.3,0.8,0.7,0.1,13.26,86.64
5,2,0.5,0.7,0.3,0.8,0.8,0.1,10.92,88.98
5,2,0.5,0.7,0.3,0.8,0.9,0.02,10.32,89.66
5,2,0.5,0.7,0.3,0.8,1.0,0.11,8.42,91.47
5,2,0.5,0.7,0.3,0.9,0.0,13.65,60.77,25.58
5,2,0.5,0.7,0.3,0.9,0.1,0.03,51.31,48.66
5,2,0.5,0.7,0.3,0.9,0.2,0.02,37.07,62.91
5,2,0.5,0.7,0.3,0.9,0.3,0.04,29.7,70.26
5,2,0.5,0.7,0.3,0.9,0.4,0.08,23.37,76.55
5,2,0.5,0.7,0.3,0.9,0.5,0.06,17.47,82.47
5,2,0.5,0.7,0.3,0.9,0.6,0.04,13.96,86.0
5,2,0.5,0.7,0.3,0.9,0.7,0.05,12.46,87.49
5,2,0.5,0.7,0.3,0.9,0.8,0.02,12.72,87.26
5,2,0.5,0.7,0.3,0.9,0.9,0.1,10.29,89.61
5,2,0.5,0.7,0.3,0.9,1.0,0.12,9.77,90.11
5,2,0.5,0.7,0.3,1.0,0.0,6.95,68.04,25.01
5,2,0.5,0.7,0.3,1.0,0.1,0.02,53.96,46.02
5,2,0.5,0.7,0.3,1.0,0.2,0.01,40.02,59.97
5,2,0.5,0.7,0.3,1.0,0.3,0.06,32.78,67.16
5,2,0.5,0.7,0.3,1.0,0.4,0.01,29.07,70.92
5,2,0.5,0.7,0.3,1.0,0.5,0.01,19.48,80.51
5,2,0.5,0.7,0.3,1.0,0.6,0.1,15.24,84.66
5,2,0.5,0.7,0.3,1.0,0.7,0.05,17.21,82.74
5,2,0.5,0.7,0.3,1.0,0.8,0.1,11.79,88.11
5,2,0.5,0.7,0.3,1.0,0.9,0.07,12.02,87.91
5,2,0.5,0.7,0.3,1.0,1.0,0.09,8.68,91.23
5,2,0.5,0.7,0.4,0.0,0.0,69.26,6.22,24.52
5,2,0.5,0.7,0.4,0.0,0.1,0.3,6.29,93.41
5,2,0.5,0.7,0.4,0.0,0.2,0.29,5.9,93.81
5,2,0.5,0.7,0.4,0.0,0.3,0.43,6.09,93.48
5,2,0.5,0.7,0.4,0.0,0.4,0.13,6.18,93.69
5,2,0.5,0.7,0.4,0.0,0.5,0.19,6.1,93.71
5,2,0.5,0.7,0.4,0.0,0.6,0.21,6.09,93.7
5,2,0.5,0.7,0.4,0.0,0.7,0.15,6.02,93.83
5,2,0.5,0.7,0.4,0.0,0.8,0.17,6.11,93.72
5,2,0.5,0.7,0.4,0.0,0.9,0.25,6.22,93.53
5,2,0.5,0.7,0.4,0.0,1.0,0.21,6.09,93.7
5,2,0.5,0.7,0.4,0.1,0.0,17.76,57.84,24.4
5,2,0.5,0.7,0.4,0.1,0.1,0.1,16.87,83.03
5,2,0.5,0.7,0.4,0.1,0.2,0.17,9.96,89.87
5,2,0.5,0.7,0.4,0.1,0.3,0.06,7.76,92.18
5,2,0.5,0.7,0.4,0.1,0.4,0.13,7.43,92.44
5,2,0.5,0.7,0.4,0.1,0.5,0.06,7.38,92.56
5,2,0.5,0.7,0.4,0.1,0.6,0.06,6.87,93.07
5,2,0.5,0.7,0.4,0.1,0.7,0.67,6.82,92.51
5,2,0.5,0.7,0.4,0.1,0.8,0.15,6.47,93.38
5,2,0.5,0.7,0.4,0.1,0.9,0.09,6.49,93.42
5,2,0.5,0.7,0.4,0.1,1.0,0.1,6.27,93.63
5,2,0.5,0.7,0.4,0.2,0.0,8.85,66.03,25.12
5,2,0.5,0.7,0.4,0.2,0.1,0.06,22.48,77.46
5,2,0.5,0.7,0.4,0.2,0.2,0.05,12.84,87.11
5,2,0.5,0.7,0.4,0.2,0.3,0.05,10.49,89.46
5,2,0.5,0.7,0.4,0.2,0.4,0.18,8.7,91.12
5,2,0.5,0.7,0.4,0.2,0.5,0.14,7.89,91.97
5,2,0.5,0.7,0.4,0.2,0.6,0.06,7.46,92.48
5,2,0.5,0.7,0.4,0.2,0.7,0.05,6.93,93.02
5,2,0.5,0.7,0.4,0.2,0.8,0.15,6.99,92.86
5,2,0.5,0.7,0.4,0.2,0.9,0.04,6.73,93.23
5,2,0.5,0.7,0.4,0.2,1.0,0.07,6.2,93.73
5,2,0.5,0.7,0.4,0.3,0.0,8.98,66.07,24.95
5,2,0.5,0.7,0.4,0.3,0.1,0.14,26.46,73.4
5,2,0.5,0.7,0.4,0.3,0.2,0.03,20.32,79.65
5,2,0.5,0.7,0.4,0.3,0.3,0.08,13.42,86.5
5,2,0.5,0.7,0.4,0.3,0.4,0.01,10.0,89.99
5,2,0.5,0.7,0.4,0.3,0.5,0.15,9.32,90.53
5,2,0.5,0.7,0.4,0.3,0.6,0.09,7.82,92.09
5,2,0.5,0.7,0.4,0.3,0.7,0.08,7.71,92.21
5,2,0.5,0.7,0.4,0.3,0.8,0.12,7.28,92.6
5,2,0.5,0.7,0.4,0.3,0.9,0.06,6.93,93.01
5,2,0.5,0.7,0.4,0.3,1.0,0.05,7.1,92.85
5,2,0.5,0.7,0.4,0.4,0.0,6.74,67.86,25.4
5,2,0.5,0.7,0.4,0.4,0.1,0.03,33.72,66.25
5,2,0.5,0.7,0.4,0.4,0.2,0.03,22.3,77.67
5,2,0.5,0.7,0.4,0.4,0.3,0.06,15.92,84.02
5,2,0.5,0.7,0.4,0.4,0.4,0.07,12.02,87.91
5,2,0.5,0.7,0.4,0.4,0.5,0.07,11.4,88.53
5,2,0.5,0.7,0.4,0.4,0.6,0.19,8.99,90.82
5,2,0.5,0.7,0.4,0.4,0.7,0.05,8.42,91.53
5,2,0.5,0.7,0.4,0.4,0.8,0.08,8.85,91.07
5,2,0.5,0.7,0.4,0.4,0.9,0.05,6.88,93.07
5,2,0.5,0.7,0.4,0.4,1.0,0.11,7.52,92.37
5,2,0.5,0.7,0.4,0.5,0.0,7.63,67.03,25.34
5,2,0.5,0.7,0.4,0.5,0.1,0.01,37.65,62.34
5,2,0.5,0.7,0.4,0.5,0.2,0.04,25.21,74.75
5,2,0.5,0.7,0.4,0.5,0.3,0.09,16.45,83.46
5,2,0.5,0.7,0.4,0.5,0.4,0.1,14.36,85.54
5,2,0.5,0.7,0.4,0.5,0.5,0.05,11.48,88.47
5,2,0.5,0.7,0.4,0.5,0.6,0.02,10.44,89.54
5,2,0.5,0.7,0.4,0.5,0.7,0.06,8.24,91.7
5,2,0.5,0.7,0.4,0.5,0.8,0.08,8.28,91.64
5,2,0.5,0.7,0.4,0.5,0.9,0.13,7.85,92.02
5,2,0.5,0.7,0.4,0.5,1.0,0.08,7.41,92.51
5,2,0.5,0.7,0.4,0.6,0.0,7.5,67.39,25.11
5,2,0.5,0.7,0.4,0.6,0.1,0.03,41.26,58.71
5,2,0.5,0.7,0.4,0.6,0.2,0.03,23.69,76.28
5,2,0.5,0.7,0.4,0.6,0.3,0.05,20.2,79.75
5,2,0.5,0.7,0.4,0.6,0.4,0.06,16.19,83.75
5,2,0.5,0.7,0.4,0.6,0.5,0.04,13.25,86.71
5,2,0.5,0.7,0.4,0.6,0.6,0.06,11.06,88.88
5,2,0.5,0.7,0.4,0.6,0.7,0.12,9.77,90.11
5,2,0.5,0.7,0.4,0.6,0.8,0.14,8.99,90.87
5,2,0.5,0.7,0.4,0.6,0.9,0.02,7.52,92.46
5,2,0.5,0.7,0.4,0.6,1.0,0.08,7.66,92.26
5,2,0.5,0.7,0.4,0.7,0.0,11.62,63.87,24.51
5,2,0.5,0.7,0.4,0.7,0.1,0.0,43.24,56.76
5,2,0.5,0.7,0.4,0.7,0.2,0.04,25.05,74.91
5,2,0.5,0.7,0.4,0.7,0.3,0.01,22.47,77.52
5,2,0.5,0.7,0.4,0.7,0.4,0.08,17.89,82.03
5,2,0.5,0.7,0.4,0.7,0.5,0.05,14.38,85.57
5,2,0.5,0.7,0.4,0.7,0.6,0.03,12.37,87.6
5,2,0.5,0.7,0.4,0.7,0.7,0.07,9.48,90.45
5,2,0.5,0.7,0.4,0.7,0.8,0.12,8.6,91.28
5,2,0.5,0.7,0.4,0.7,0.9,0.02,7.54,92.44
5,2,0.5,0.7,0.4,0.7,1.0,0.04,7.65,92.31
5,2,0.5,0.7,0.4,0.8,0.0,11.02,64.21,24.77
5,2,0.5,0.7,0.4,0.8,0.1,0.04,42.15,57.81
5,2,0.5,0.7,0.4,0.8,0.2,0.08,27.76,72.16
5,2,0.5,0.7,0.4,0.8,0.3,0.05,22.48,77.47
5,2,0.5,0.7,0.4,0.8,0.4,0.09,15.92,83.99
5,2,0.5,0.7,0.4,0.8,0.5,0.12,17.23,82.65
5,2,0.5,0.7,0.4,0.8,0.6,0.06,13.52,86.42
5,2,0.5,0.7,0.4,0.8,0.7,0.11,10.0,89.89
5,2,0.5,0.7,0.4,0.8,0.8,0.06,10.31,89.63
5,2,0.5,0.7,0.4,0.8,0.9,0.11,9.06,90.83
5,2,0.5,0.7,0.4,0.8,1.0,0.1,8.27,91.63
5,2,0.5,0.7,0.4,0.9,0.0,7.4,68.07,24.53
5,2,0.5,0.7,0.4,0.9,0.1,0.0,44.95,55.05
5,2,0.5,0.7,0.4,0.9,0.2,0.02,32.76,67.22
5,2,0.5,0.7,0.4,0.9,0.3,0.02,24.3,75.68
5,2,0.5,0.7,0.4,0.9,0.4,0.03,18.62,81.35
5,2,0.5,0.7,0.4,0.9,0.5,0.05,15.31,84.64
5,2,0.5,0.7,0.4,0.9,0.6,0.09,13.68,86.23
5,2,0.5,0.7,0.4,0.9,0.7,0.06,11.4,88.54
5,2,0.5,0.7,0.4,0.9,0.8,0.09,9.7,90.21
5,2,0.5,0.7,0.4,0.9,0.9,0.1,9.03,90.87
5,2,0.5,0.7,0.4,0.9,1.0,0.05,8.91,91.04
5,2,0.5,0.7,0.4,1.0,0.0,6.31,68.15,25.54
5,2,0.5,0.7,0.4,1.0,0.1,0.05,48.8,51.15
5,2,0.5,0.7,0.4,1.0,0.2,0.02,35.36,64.62
5,2,0.5,0.7,0.4,1.0,0.3,0.02,25.73,74.25
5,2,0.5,0.7,0.4,1.0,0.4,0.02,21.05,78.93
5,2,0.5,0.7,0.4,1.0,0.5,0.02,17.54,82.44
5,2,0.5,0.7,0.4,1.0,0.6,0.01,14.26,85.73
5,2,0.5,0.7,0.4,1.0,0.7,0.04,10.74,89.22
5,2,0.5,0.7,0.4,1.0,0.8,0.12,11.17,88.71
5,2,0.5,0.7,0.4,1.0,0.9,0.02,9.61,90.37
5,2,0.5,0.7,0.4,1.0,1.0,0.06,9.35,90.59
5,2,0.5,0.7,0.5,0.0,0.0,68.76,6.08,25.16
5,2,0.5,0.7,0.5,0.0,0.1,0.19,6.26,93.55
5,2,0.5,0.7,0.5,0.0,0.2,0.24,6.4,93.36
5,2,0.5,0.7,0.5,0.0,0.3,0.14,5.97,93.89
5,2,0.5,0.7,0.5,0.0,0.4,0.1,6.24,93.66
5,2,0.5,0.7,0.5,0.0,0.5,0.2,6.2,93.6
5,2,0.5,0.7,0.5,0.0,0.6,0.37,6.01,93.62
5,2,0.5,0.7,0.5,0.0,0.7,0.29,6.17,93.54
5,2,0.5,0.7,0.5,0.0,0.8,0.17,6.21,93.62
5,2,0.5,0.7,0.5,0.0,0.9,0.2,6.11,93.69
5,2,0.5,0.7,0.5,0.0,1.0,0.15,6.13,93.72
5,2,0.5,0.7,0.5,0.1,0.0,21.94,52.65,25.41
5,2,0.5,0.7,0.5,0.1,0.1,0.2,11.05,88.75
5,2,0.5,0.7,0.5,0.1,0.2,0.21,8.68,91.11
5,2,0.5,0.7,0.5,0.1,0.3,0.1,7.39,92.51
5,2,0.5,0.7,0.5,0.1,0.4,0.17,7.86,91.97
5,2,0.5,0.7,0.5,0.1,0.5,0.21,7.11,92.68
5,2,0.5,0.7,0.5,0.1,0.6,0.19,6.56,93.25
5,2,0.5,0.7,0.5,0.1,0.7,0.11,6.3,93.59
5,2,0.5,0.7,0.5,0.1,0.8,0.11,6.23,93.66
5,2,0.5,0.7,0.5,0.1,0.9,0.11,6.01,93.88
5,2,0.5,0.7,0.5,0.1,1.0,0.3,6.47,93.23
5,2,0.5,0.7,0.5,0.2,0.0,15.8,59.07,25.13
5,2,0.5,0.7,0.5,0.2,0.1,0.09,18.76,81.15
5,2,0.5,0.7,0.5,0.2,0.2,0.2,11.48,88.32
5,2,0.5,0.7,0.5,0.2,0.3,0.12,9.86,90.02
5,2,0.5,0.7,0.5,0.2,0.4,0.18,8.13,91.69
5,2,0.5,0.7,0.5,0.2,0.5,0.08,8.12,91.8
5,2,0.5,0.7,0.5,0.2,0.6,0.06,6.9,93.04
5,2,0.5,0.7,0.5,0.2,0.7,0.15,6.91,92.94
5,2,0.5,0.7,0.5,0.2,0.8,0.17,6.77,93.06
5,2,0.5,0.7,0.5,0.2,0.9,0.11,6.3,93.59
5,2,0.5,0.7,0.5,0.2,1.0,0.17,6.33,93.5
5,2,0.5,0.7,0.5,0.3,0.0,13.06,61.12,25.82
5,2,0.5,0.7,0.5,0.3,0.1,0.14,21.43,78.43
5,2,0.5,0.7,0.5,0.3,0.2,0.06,14.23,85.71
5,2,0.5,0.7,0.5,0.3,0.3,0.1,10.62,89.28
5,2,0.5,0.7,0.5,0.3,0.4,0.09,9.27,90.64
5,2,0.5,0.7,0.5,0.3,0.5,0.09,8.52,91.39
5,2,0.5,0.7,0.5,0.3,0.6,0.05,7.38,92.57
5,2,0.5,0.7,0.5,0.3,0.7,0.11,6.91,92.98
5,2,0.5,0.7,0.5,0.3,0.8,0.06,7.08,92.86
5,2,0.5,0.7,0.5,0.3,0.9,0.09,6.76,93.15
5,2,0.5,0.7,0.5,0.3,1.0,0.11,6.68,93.21
5,2,0.5,0.7,0.5,0.4,0.0,12.35,62.12,25.53
5,2,0.5,0.7,0.5,0.4,0.1,0.18,26.63,73.19
5,2,0.5,0.7,0.5,0.4,0.2,0.07,15.55,84.38
5,2,0.5,0.7,0.5,0.4,0.3,0.03,14.69,85.28
5,2,0.5,0.7,0.5,0.4,0.4,0.04,10.76,89.2
5,2,0.5,0.7,0.5,0.4,0.5,0.09,8.65,91.26
5,2,0.5,0.7,0.5,0.4,0.6,0.09,7.74,92.17
5,2,0.5,0.7,0.5,0.4,0.7,0.11,8.14,91.75
5,2,0.5,0.7,0.5,0.4,0.8,0.07,6.89,93.04
5,2,0.5,0.7,0.5,0.4,0.9,0.09,6.45,93.46
5,2,0.5,0.7,0.5,0.4,1.0,0.04,6.72,93.24
5,2,0.5,0.7,0.5,0.5,0.0,4.6,71.3,24.1
5,2,0.5,0.7,0.5,0.5,0.1,0.04,31.18,68.78
5,2,0.5,0.7,0.5,0.5,0.2,0.07,20.63,79.3
5,2,0.5,0.7,0.5,0.5,0.3,0.05,16.46,83.49
5,2,0.5,0.7,0.5,0.5,0.4,0.08,11.69,88.23
5,2,0.5,0.7,0.5,0.5,0.5,0.07,9.75,90.18
5,2,0.5,0.7,0.5,0.5,0.6,0.08,8.69,91.23
5,2,0.5,0.7,0.5,0.5,0.7,0.12,8.06,91.82
5,2,0.5,0.7,0.5,0.5,0.8,0.08,7.13,92.79
5,2,0.5,0.7,0.5,0.5,0.9,0.09,6.82,93.09
5,2,0.5,0.7,0.5,0.5,1.0,0.13,6.58,93.29
5,2,0.5,0.7,0.5,0.6,0.0,13.03,62.01,24.96
5,2,0.5,0.7,0.5,0.6,0.1,0.01,33.47,66.52
5,2,0.5,0.7,0.5,0.6,0.2,0.04,22.79,77.17
5,2,0.5,0.7,0.5,0.6,0.3,0.09,14.77,85.14
5,2,0.5,0.7,0.5,0.6,0.4,0.13,15.02,84.85
5,2,0.5,0.7,0.5,0.6,0.5,0.07,10.91,89.02
5,2,0.5,0.7,0.5,0.6,0.6,0.05,9.46,90.49
5,2,0.5,0.7,0.5,0.6,0.7,0.15,7.54,92.31
5,2,0.5,0.7,0.5,0.6,0.8,0.06,7.52,92.42
5,2,0.5,0.7,0.5,0.6,0.9,0.07,7.81,92.12
5,2,0.5,0.7,0.5,0.6,1.0,0.06,7.09,92.85
5,2,0.5,0.7,0.5,0.7,0.0,7.54,66.99,25.47
5,2,0.5,0.7,0.5,0.7,0.1,0.03,36.5,63.47
5,2,0.5,0.7,0.5,0.7,0.2,0.02,26.88,73.1
5,2,0.5,0.7,0.5,0.7,0.3,0.11,21.1,78.79
5,2,0.5,0.7,0.5,0.7,0.4,0.09,13.77,86.14
5,2,0.5,0.7,0.5,0.7,0.5,0.07,10.82,89.11
5,2,0.5,0.7,0.5,0.7,0.6,0.08,10.14,89.78
5,2,0.5,0.7,0.5,0.7,0.7,0.04,8.92,91.04
5,2,0.5,0.7,0.5,0.7,0.8,0.16,7.76,92.08
5,2,0.5,0.7,0.5,0.7,0.9,0.03,7.85,92.12
5,2,0.5,0.7,0.5,0.7,1.0,0.12,7.4,92.48
5,2,0.5,0.7,0.5,0.8,0.0,6.27,69.5,24.23
5,2,0.5,0.7,0.5,0.8,0.1,0.08,39.68,60.24
5,2,0.5,0.7,0.5,0.8,0.2,0.03,26.5,73.47
5,2,0.5,0.7,0.5,0.8,0.3,0.04,18.2,81.76
5,2,0.5,0.7,0.5,0.8,0.4,0.06,13.64,86.3
5,2,0.5,0.7,0.5,0.8,0.5,0.04,12.2,87.76
5,2,0.5,0.7,0.5,0.8,0.6,0.04,10.75,89.21
5,2,0.5,0.7,0.5,0.8,0.7,0.09,11.02,88.89
5,2,0.5,0.7,0.5,0.8,0.8,0.12,7.82,92.06
5,2,0.5,0.7,0.5,0.8,0.9,0.08,8.14,91.78
5,2,0.5,0.7,0.5,0.8,1.0,0.09,7.82,92.09
5,2,0.5,0.7,0.5,0.9,0.0,6.63,68.56,24.81
5,2,0.5,0.7,0.5,0.9,0.1,0.02,43.5,56.48
5,2,0.5,0.7,0.5,0.9,0.2,0.03,27.15,72.82
5,2,0.5,0.7,0.5,0.9,0.3,0.03,19.76,80.21
5,2,0.5,0.7,0.5,0.9,0.4,0.07,16.66,83.27
5,2,0.5,0.7,0.5,0.9,0.5,0.05,13.86,86.09
5,2,0.5,0.7,0.5,0.9,0.6,0.06,9.91,90.03
5,2,0.5,0.7,0.5,0.9,0.7,0.19,9.88,89.93
5,2,0.5,0.7,0.5,0.9,0.8,0.06,8.53,91.41
5,2,0.5,0.7,0.5,0.9,0.9,0.08,8.19,91.73
5,2,0.5,0.7,0.5,0.9,1.0,0.12,7.51,92.37
5,2,0.5,0.7,0.5,1.0,0.0,10.0,65.51,24.49
5,2,0.5,0.7,0.5,1.0,0.1,0.07,41.55,58.38
5,2,0.5,0.7,0.5,1.0,0.2,0.07,29.36,70.57
5,2,0.5,0.7,0.5,1.0,0.3,0.03,21.5,78.47
5,2,0.5,0.7,0.5,1.0,0.4,0.03,15.9,84.07
5,2,0.5,0.7,0.5,1.0,0.5,0.09,13.6,86.31
5,2,0.5,0.7,0.5,1.0,0.6,0.06,12.34,87.6
5,2,0.5,0.7,0.5,1.0,0.7,0.04,11.19,88.77
5,2,0.5,0.7,0.5,1.0,0.8,0.02,10.08,89.9
5,2,0.5,0.7,0.5,1.0,0.9,0.04,8.0,91.96
5,2,0.5,0.7,0.5,1.0,1.0,0.11,9.43,90.46
5,2,0.5,0.7,0.6,0.0,0.0,68.66,6.1,25.24
5,2,0.5,0.7,0.6,0.0,0.1,0.13,5.88,93.99
5,2,0.5,0.7,0.6,0.0,0.2,0.24,5.95,93.81
5,2,0.5,0.7,0.6,0.0,0.3,0.11,5.95,93.94
5,2,0.5,0.7,0.6,0.0,0.4,0.21,6.24,93.55
5,2,0.5,0.7,0.6,0.0,0.5,0.18,6.04,93.78
5,2,0.5,0.7,0.6,0.0,0.6,0.27,6.31,93.42
5,2,0.5,0.7,0.6,0.0,0.7,0.23,6.12,93.65
5,2,0.5,0.7,0.6,0.0,0.8,0.21,6.01,93.78
5,2,0.5,0.7,0.6,0.0,0.9,0.12,6.23,93.65
5,2,0.5,0.7,0.6,0.0,1.0,0.2,6.37,93.43
5,2,0.5,0.7,0.6,0.1,0.0,34.24,41.2,24.56
5,2,0.5,0.7,0.6,0.1,0.1,0.19,10.53,89.28
5,2,0.5,0.7,0.6,0.1,0.2,0.08,7.24,92.68
5,2,0.5,0.7,0.6,0.1,0.3,0.2,6.94,92.86
5,2,0.5,0.7,0.6,0.1,0.4,0.32,6.56,93.12
5,2,0.5,0.7,0.6,0.1,0.5,0.1,6.61,93.29
5,2,0.5,0.7,0.6,0.1,0.6,0.17,6.57,93.26
5,2,0.5,0.7,0.6,0.1,0.7,0.22,6.29,93.49
5,2,0.5,0.7,0.6,0.1,0.8,0.12,6.4,93.48
5,2,0.5,0.7,0.6,0.1,0.9,0.2,6.23,93.57
5,2,0.5,0.7,0.6,0.1,1.0,0.16,6.21,93.63
5,2,0.5,0.7,0.6,0.2,0.0,18.36,57.41,24.23
5,2,0.5,0.7,0.6,0.2,0.1,0.42,14.27,85.31
5,2,0.5,0.7,0.6,0.2,0.2,0.07,8.65,91.28
5,2,0.5,0.7,0.6,0.2,0.3,0.1,8.55,91.35
5,2,0.5,0.7,0.6,0.2,0.4,0.15,7.83,92.02
5,2,0.5,0.7,0.6,0.2,0.5,0.19,7.01,92.8
5,2,0.5,0.7,0.6,0.2,0.6,0.16,6.52,93.32
5,2,0.5,0.7,0.6,0.2,0.7,0.15,6.3,93.55
5,2,0.5,0.7,0.6,0.2,0.8,0.16,6.42,93.42
5,2,0.5,0.7,0.6,0.2,0.9,0.16,6.29,93.55
5,2,0.5,0.7,0.6,0.2,1.0,0.13,6.21,93.66
5,2,0.5,0.7,0.6,0.3,0.0,14.16,61.93,23.91
5,2,0.5,0.7,0.6,0.3,0.1,0.15,18.08,81.77
5,2,0.5,0.7,0.6,0.3,0.2,0.09,12.32,87.59
5,2,0.5,0.7,0.6,0.3,0.3,0.06,9.57,90.37
5,2,0.5,0.7,0.6,0.3,0.4,0.12,8.59,91.29
5,2,0.5,0.7,0.6,0.3,0.5,0.17,7.94,91.89
5,2,0.5,0.7,0.6,0.3,0.6,0.22,7.0,92.78
5,2,0.5,0.7,0.6,0.3,0.7,0.08,6.55,93.37
5,2,0.5,0.7,0.6,0.3,0.8,0.07,6.41,93.52
5,2,0.5,0.7,0.6,0.3,0.9,0.09,6.21,93.7
5,2,0.5,0.7,0.6,0.3,1.0,0.1,6.46,93.44
5,2,0.5,0.7,0.6,0.4,0.0,12.47,62.04,25.49
5,2,0.5,0.7,0.6,0.4,0.1,0.17,21.49,78.34
5,2,0.5,0.7,0.6,0.4,0.2,0.18,11.47,88.35
5,2,0.5,0.7,0.6,0.4,0.3,0.18,10.25,89.57
5,2,0.5,0.7,0.6,0.4,0.4,0.12,9.14,90.74
5,2,0.5,0.7,0.6,0.4,0.5,0.15,7.74,92.11
5,2,0.5,0.7,0.6,0.4,0.6,0.06,7.73,92.21
5,2,0.5,0.7,0.6,0.4,0.7,0.2,6.42,93.38
5,2,0.5,0.7,0.6,0.4,0.8,0.24,7.09,92.67
5,2,0.5,0.7,0.6,0.4,0.9,0.1,6.78,93.12
5,2,0.5,0.7,0.6,0.4,1.0,0.1,6.63,93.27
5,2,0.5,0.7,0.6,0.5,0.0,13.58,61.76,24.66
5,2,0.5,0.7,0.6,0.5,0.1,0.06,25.65,74.29
5,2,0.5,0.7,0.6,0.5,0.2,0.12,14.25,85.63
5,2,0.5,0.7,0.6,0.5,0.3,0.05,12.01,87.94
5,2,0.5,0.7,0.6,0.5,0.4,0.08,9.21,90.71
5,2,0.5,0.7,0.6,0.5,0.5,0.1,8.84,91.06
5,2,0.5,0.7,0.6,0.5,0.6,0.1,7.74,92.16
5,2,0.5,0.7,0.6,0.5,0.7,0.15,6.97,92.88
5,2,0.5,0.7,0.6,0.5,0.8,0.07,7.01,92.92
5,2,0.5,0.7,0.6,0.5,0.9,0.02,6.36,93.62
5,2,0.5,0.7,0.6,0.5,1.0,0.11,6.63,93.26
5,2,0.5,0.7,0.6,0.6,0.0,10.24,64.89,24.87
5,2,0.5,0.7,0.6,0.6,0.1,0.07,25.86,74.07
5,2,0.5,0.7,0.6,0.6,0.2,0.04,17.22,82.74
5,2,0.5,0.7,0.6,0.6,0.3,0.12,12.43,87.45
5,2,0.5,0.7,0.6,0.6,0.4,0.09,10.11,89.8
5,2,0.5,0.7,0.6,0.6,0.5,0.12,9.68,90.2
5,2,0.5,0.7,0.6,0.6,0.6,0.06,8.69,91.25
5,2,0.5,0.7,0.6,0.6,0.7,0.1,7.33,92.57
5,2,0.5,0.7,0.6,0.6,0.8,0.1,7.08,92.82
5,2,0.5,0.7,0.6,0.6,0.9,0.07,6.68,93.25
5,2,0.5,0.7,0.6,0.6,1.0,0.16,6.69,93.15
5,2,0.5,0.7,0.6,0.7,0.0,10.16,64.66,25.18
5,2,0.5,0.7,0.6,0.7,0.1,0.05,36.63,63.32
5,2,0.5,0.7,0.6,0.7,0.2,0.14,20.02,79.84
5,2,0.5,0.7,0.6,0.7,0.3,0.04,13.52,86.44
5,2,0.5,0.7,0.6,0.7,0.4,0.16,10.97,88.87
5,2,0.5,0.7,0.6,0.7,0.5,0.06,8.6,91.34
5,2,0.5,0.7,0.6,0.7,0.6,0.1,9.43,90.47
5,2,0.5,0.7,0.6,0.7,0.7,0.12,7.21,92.67
5,2,0.5,0.7,0.6,0.7,0.8,0.03,7.53,92.44
5,2,0.5,0.7,0.6,0.7,0.9,0.09,6.89,93.02
5,2,0.5,0.7,0.6,0.7,1.0,0.14,7.11,92.75
5,2,0.5,0.7,0.6,0.8,0.0,12.78,64.16,23.06
5,2,0.5,0.7,0.6,0.8,0.1,0.09,32.67,67.24
5,2,0.5,0.7,0.6,0.8,0.2,0.01,20.79,79.2
5,2,0.5,0.7,0.6,0.8,0.3,0.04,15.47,84.49
5,2,0.5,0.7,0.6,0.8,0.4,0.06,12.67,87.27
5,2,0.5,0.7,0.6,0.8,0.5,0.02,10.27,89.71
5,2,0.5,0.7,0.6,0.8,0.6,0.04,8.65,91.31
5,2,0.5,0.7,0.6,0.8,0.7,0.08,8.45,91.47
5,2,0.5,0.7,0.6,0.8,0.8,0.07,8.32,91.61
5,2,0.5,0.7,0.6,0.8,0.9,0.08,7.06,92.86
5,2,0.5,0.7,0.6,0.8,1.0,0.15,7.28,92.57
5,2,0.5,0.7,0.6,0.9,0.0,5.52,69.79,24.69
5,2,0.5,0.7,0.6,0.9,0.1,0.05,35.58,64.37
5,2,0.5,0.7,0.6,0.9,0.2,0.12,23.3,76.58
5,2,0.5,0.7,0.6,0.9,0.3,0.12,16.06,83.82
5,2,0.5,0.7,0.6,0.9,0.4,0.05,11.32,88.63
5,2,0.5,0.7,0.6,0.9,0.5,0.13,10.5,89.37
5,2,0.5,0.7,0.6,0.9,0.6,0.04,10.85,89.11
5,2,0.5,0.7,0.6,0.9,0.7,0.12,8.74,91.14
5,2,0.5,0.7,0.6,0.9,0.8,0.08,7.29,92.63
5,2,0.5,0.7,0.6,0.9,0.9,0.07,6.88,93.05
5,2,0.5,0.7,0.6,0.9,1.0,0.05,7.01,92.94
5,2,0.5,0.7,0.6,1.0,0.0,12.54,61.86,25.6
5,2,0.5,0.7,0.6,1.0,0.1,0.08,37.09,62.83
5,2,0.5,0.7,0.6,1.0,0.2,0.03,23.25,76.72
5,2,0.5,0.7,0.6,1.0,0.3,0.07,17.66,82.27
5,2,0.5,0.7,0.6,1.0,0.4,0.11,14.92,84.97
5,2,0.5,0.7,0.6,1.0,0.5,0.14,10.72,89.14
5,2,0.5,0.7,0.6,1.0,0.6,0.13,9.51,90.36
5,2,0.5,0.7,0.6,1.0,0.7,0.17,10.13,89.7
5,2,0.5,0.7,0.6,1.0,0.8,0.06,7.5,92.44
5,2,0.5,0.7,0.6,1.0,0.9,0.09,8.46,91.45
5,2,0.5,0.7,0.6,1.0,1.0,0.07,7.24,92.69
5,2,0.5,0.7,0.7,0.0,0.0,69.02,6.39,24.59
5,2,0.5,0.7,0.7,0.0,0.1,0.24,6.14,93.62
5,2,0.5,0.7,0.7,0.0,0.2,0.14,6.14,93.72
5,2,0.5,0.7,0.7,0.0,0.3,0.22,6.2,93.58
5,2,0.5,0.7,0.7,0.0,0.4,0.27,6.25,93.48
5,2,0.5,0.7,0.7,0.0,0.5,0.16,6.17,93.67
5,2,0.5,0.7,0.7,0.0,0.6,0.23,5.98,93.79
5,2,0.5,0.7,0.7,0.0,0.7,0.27,5.98,93.75
5,2,0.5,0.7,0.7,0.0,0.8,0.19,6.1,93.71
5,2,0.5,0.7,0.7,0.0,0.9,0.25,6.25,93.5
5,2,0.5,0.7,0.7,0.0,1.0,0.38,6.11,93.51
5,2,0.5,0.7,0.7,0.1,0.0,53.27,22.5,24.23
5,2,0.5,0.7,0.7,0.1,0.1,0.43,8.58,90.99
5,2,0.5,0.7,0.7,0.1,0.2,0.2,7.34,92.46
5,2,0.5,0.7,0.7,0.1,0.3,0.2,6.89,92.91
5,2,0.5,0.7,0.7,0.1,0.4,0.15,6.5,93.35
5,2,0.5,0.7,0.7,0.1,0.5,0.21,6.18,93.61
5,2,0.5,0.7,0.7,0.1,0.6,0.21,6.2,93.59
5,2,0.5,0.7,0.7,0.1,0.7,0.15,6.45,93.4
5,2,0.5,0.7,0.7,0.1,0.8,0.17,5.9,93.93
5,2,0.5,0.7,0.7,0.1,0.9,0.36,6.33,93.31
5,2,0.5,0.7,0.7,0.1,1.0,0.37,6.0,93.63
5,2,0.5,0.7,0.7,0.2,0.0,33.85,41.34,24.81
5,2,0.5,0.7,0.7,0.2,0.1,0.17,12.4,87.43
5,2,0.5,0.7,0.7,0.2,0.2,0.13,8.68,91.19
5,2,0.5,0.7,0.7,0.2,0.3,0.06,7.33,92.61
5,2,0.5,0.7,0.7,0.2,0.4,0.26,6.55,93.19
5,2,0.5,0.7,0.7,0.2,0.5,0.11,6.58,93.31
5,2,0.5,0.7,0.7,0.2,0.6,0.15,6.68,93.17
5,2,0.5,0.7,0.7,0.2,0.7,0.21,6.19,93.6
5,2,0.5,0.7,0.7,0.2,0.8,0.21,6.23,93.56
5,2,0.5,0.7,0.7,0.2,0.9,0.12,6.07,93.81
5,2,0.5,0.7,0.7,0.2,1.0,0.16,6.33,93.51
5,2,0.5,0.7,0.7,0.3,0.0,24.08,50.89,25.03
5,2,0.5,0.7,0.7,0.3,0.1,0.25,14.79,84.96
5,2,0.5,0.7,0.7,0.3,0.2,0.12,10.16,89.72
5,2,0.5,0.7,0.7,0.3,0.3,0.2,7.57,92.23
5,2,0.5,0.7,0.7,0.3,0.4,0.1,7.48,92.42
5,2,0.5,0.7,0.7,0.3,0.5,0.2,6.9,92.9
5,2,0.5,0.7,0.7,0.3,0.6,0.15,6.65,93.2
5,2,0.5,0.7,0.7,0.3,0.7,0.24,6.47,93.29
5,2,0.5,0.7,0.7,0.3,0.8,0.16,6.51,93.33
5,2,0.5,0.7,0.7,0.3,0.9,0.22,6.48,93.3
5,2,0.5,0.7,0.7,0.3,1.0,0.23,6.12,93.65
5,2,0.5,0.7,0.7,0.4,0.0,19.58,55.33,25.09
5,2,0.5,0.7,0.7,0.4,0.1,0.22,14.64,85.14
5,2,0.5,0.7,0.7,0.4,0.2,0.1,10.27,89.63
5,2,0.5,0.7,0.7,0.4,0.3,0.12,8.7,91.18
5,2,0.5,0.7,0.7,0.4,0.4,0.15,7.3,92.55
5,2,0.5,0.7,0.7,0.4,0.5,0.06,7.43,92.51
5,2,0.5,0.7,0.7,0.4,0.6,0.2,6.75,93.05
5,2,0.5,0.7,0.7,0.4,0.7,0.2,6.57,93.23
5,2,0.5,0.7,0.7,0.4,0.8,0.12,6.79,93.09
5,2,0.5,0.7,0.7,0.4,0.9,0.15,6.31,93.54
5,2,0.5,0.7,0.7,0.4,1.0,0.16,6.1,93.74
5,2,0.5,0.7,0.7,0.5,0.0,19.42,55.3,25.28
5,2,0.5,0.7,0.7,0.5,0.1,0.11,17.83,82.06
5,2,0.5,0.7,0.7,0.5,0.2,0.1,10.37,89.53
5,2,0.5,0.7,0.7,0.5,0.3,0.12,9.41,90.47
5,2,0.5,0.7,0.7,0.5,0.4,0.21,8.06,91.73
5,2,0.5,0.7,0.7,0.5,0.5,0.19,7.5,92.31
5,2,0.5,0.7,0.7,0.5,0.6,0.29,7.39,92.32
5,2,0.5,0.7,0.7,0.5,0.7,0.14,6.88,92.98
5,2,0.5,0.7,0.7,0.5,0.8,0.14,6.46,93.4
5,2,0.5,0.7,0.7,0.5,0.9,0.24,6.52,93.24
5,2,0.5,0.7,0.7,0.5,1.0,0.16,6.5,93.34
5,2,0.5,0.7,0.7,0.6,0.0,16.52,58.59,24.89
5,2,0.5,0.7,0.7,0.6,0.1,0.27,20.74,78.99
5,2,0.5,0.7,0.7,0.6,0.2,0.1,13.91,85.99
5,2,0.5,0.7,0.7,0.6,0.3,0.08,10.44,89.48
5,2,0.5,0.7,0.7,0.6,0.4,0.18,8.74,91.08
5,2,0.5,0.7,0.7,0.6,0.5,0.13,7.8,92.07
5,2,0.5,0.7,0.7,0.6,0.6,0.08,8.31,91.61
5,2,0.5,0.7,0.7,0.6,0.7,0.14,6.84,93.02
5,2,0.5,0.7,0.7,0.6,0.8,0.1,6.72,93.18
5,2,0.5,0.7,0.7,0.6,0.9,0.2,6.58,93.22
5,2,0.5,0.7,0.7,0.6,1.0,0.32,6.48,93.2
5,2,0.5,0.7,0.7,0.7,0.0,15.69,58.49,25.82
5,2,0.5,0.7,0.7,0.7,0.1,0.14,22.42,77.44
5,2,0.5,0.7,0.7,0.7,0.2,0.11,16.09,83.8
5,2,0.5,0.7,0.7,0.7,0.3,0.14,10.94,88.92
5,2,0.5,0.7,0.7,0.7,0.4,0.11,9.58,90.31
5,2,0.5,0.7,0.7,0.7,0.5,0.24,7.84,91.92
5,2,0.5,0.7,0.7,0.7,0.6,0.12,7.13,92.75
5,2,0.5,0.7,0.7,0.7,0.7,0.1,7.24,92.66
5,2,0.5,0.7,0.7,0.7,0.8,0.13,6.9,92.97
5,2,0.5,0.7,0.7,0.7,0.9,0.12,6.64,93.24
5,2,0.5,0.7,0.7,0.7,1.0,0.05,6.84,93.11
5,2,0.5,0.7,0.7,0.8,0.0,14.72,61.44,23.84
5,2,0.5,0.7,0.7,0.8,0.1,0.05,25.33,74.62
5,2,0.5,0.7,0.7,0.8,0.2,0.12,16.26,83.62
5,2,0.5,0.7,0.7,0.8,0.3,0.26,13.11,86.63
5,2,0.5,0.7,0.7,0.8,0.4,0.16,10.03,89.81
5,2,0.5,0.7,0.7,0.8,0.5,0.09,7.55,92.36
5,2,0.5,0.7,0.7,0.8,0.6,0.07,8.32,91.61
5,2,0.5,0.7,0.7,0.8,0.7,0.18,7.37,92.45
5,2,0.5,0.7,0.7,0.8,0.8,0.28,6.79,92.93
5,2,0.5,0.7,0.7,0.8,0.9,0.07,7.01,92.92
5,2,0.5,0.7,0.7,0.8,1.0,0.08,6.32,93.6
5,2,0.5,0.7,0.7,0.9,0.0,10.68,65.23,24.09
5,2,0.5,0.7,0.7,0.9,0.1,0.07,28.92,71.01
5,2,0.5,0.7,0.7,0.9,0.2,0.16,17.23,82.61
5,2,0.5,0.7,0.7,0.9,0.3,0.18,13.4,86.42
5,2,0.5,0.7,0.7,0.9,0.4,0.03,11.41,88.56
5,2,0.5,0.7,0.7,0.9,0.5,0.34,9.39,90.27
5,2,0.5,0.7,0.7,0.9,0.6,0.16,7.69,92.15
5,2,0.5,0.7,0.7,0.9,0.7,0.14,7.0,92.86
5,2,0.5,0.7,0.7,0.9,0.8,0.22,7.41,92.37
5,2,0.5,0.7,0.7,0.9,0.9,0.12,6.47,93.41
5,2,0.5,0.7,0.7,0.9,1.0,0.08,6.87,93.05
5,2,0.5,0.7,0.7,1.0,0.0,11.03,64.29,24.68
5,2,0.5,0.7,0.7,1.0,0.1,0.13,27.2,72.67
5,2,0.5,0.7,0.7,1.0,0.2,0.1,18.61,81.29
5,2,0.5,0.7,0.7,1.0,0.3,0.13,13.78,86.09
5,2,0.5,0.7,0.7,1.0,0.4,0.13,9.86,90.01
5,2,0.5,0.7,0.7,1.0,0.5,0.26,9.58,90.16
5,2,0.5,0.7,0.7,1.0,0.6,0.14,8.4,91.46
5,2,0.5,0.7,0.7,1.0,0.7,0.1,8.18,91.72
5,2,0.5,0.7,0.7,1.0,0.8,0.13,7.1,92.77
5,2,0.5,0.7,0.7,1.0,0.9,0.17,7.21,92.62
5,2,0.5,0.7,0.7,1.0,1.0,0.08,7.37,92.55
5,2,0.5,0.7,0.8,0.0,0.0,69.02,6.21,24.77
5,2,0.5,0.7,0.8,0.0,0.1,0.23,6.07,93.7
5,2,0.5,0.7,0.8,0.0,0.2,0.28,6.07,93.65
5,2,0.5,0.7,0.8,0.0,0.3,0.34,5.96,93.7
5,2,0.5,0.7,0.8,0.0,0.4,0.21,6.15,93.64
5,2,0.5,0.7,0.8,0.0,0.5,0.11,6.08,93.81
5,2,0.5,0.7,0.8,0.0,0.6,0.34,6.01,93.65
5,2,0.5,0.7,0.8,0.0,0.7,0.27,5.99,93.74
5,2,0.5,0.7,0.8,0.0,0.8,0.23,6.33,93.44
5,2,0.5,0.7,0.8,0.0,0.9,0.21,6.35,93.44
5,2,0.5,0.7,0.8,0.0,1.0,0.12,6.24,93.64
5,2,0.5,0.7,0.8,0.1,0.0,61.12,12.94,25.94
5,2,0.5,0.7,0.8,0.1,0.1,0.2,7.46,92.34
5,2,0.5,0.7,0.8,0.1,0.2,0.15,6.76,93.09
5,2,0.5,0.7,0.8,0.1,0.3,0.19,6.49,93.32
5,2,0.5,0.7,0.8,0.1,0.4,0.26,6.44,93.3
5,2,0.5,0.7,0.8,0.1,0.5,0.22,6.28,93.5
5,2,0.5,0.7,0.8,0.1,0.6,0.25,6.11,93.64
5,2,0.5,0.7,0.8,0.1,0.7,0.17,6.23,93.6
5,2,0.5,0.7,0.8,0.1,0.8,0.38,6.2,93.42
5,2,0.5,0.7,0.8,0.1,0.9,0.17,6.11,93.72
5,2,0.5,0.7,0.8,0.1,1.0,0.21,6.3,93.49
5,2,0.5,0.7,0.8,0.2,0.0,48.51,26.13,25.36
5,2,0.5,0.7,0.8,0.2,0.1,0.23,8.98,90.79
5,2,0.5,0.7,0.8,0.2,0.2,0.14,6.94,92.92
5,2,0.5,0.7,0.8,0.2,0.3,0.2,6.77,93.03
5,2,0.5,0.7,0.8,0.2,0.4,0.27,6.72,93.01
5,2,0.5,0.7,0.8,0.2,0.5,0.14,6.38,93.48
5,2,0.5,0.7,0.8,0.2,0.6,0.28,6.21,93.51
5,2,0.5,0.7,0.8,0.2,0.7,0.15,6.27,93.58
5,2,0.5,0.7,0.8,0.2,0.8,0.17,6.22,93.61
5,2,0.5,0.7,0.8,0.2,0.9,0.19,6.36,93.45
5,2,0.5,0.7,0.8,0.2,1.0,0.18,6.09,93.73
5,2,0.5,0.7,0.8,0.3,0.0,43.46,31.19,25.35
5,2,0.5,0.7,0.8,0.3,0.1,0.24,12.1,87.66
5,2,0.5,0.7,0.8,0.3,0.2,0.36,9.01,90.63
5,2,0.5,0.7,0.8,0.3,0.3,0.15,7.45,92.4
5,2,0.5,0.7,0.8,0.3,0.4,0.12,6.86,93.02
5,2,0.5,0.7,0.8,0.3,0.5,0.2,6.38,93.42
5,2,0.5,0.7,0.8,0.3,0.6,0.19,6.55,93.26
5,2,0.5,0.7,0.8,0.3,0.7,0.17,6.1,93.73
5,2,0.5,0.7,0.8,0.3,0.8,0.32,6.37,93.31
5,2,0.5,0.7,0.8,0.3,0.9,0.21,6.47,93.32
5,2,0.5,0.7,0.8,0.3,1.0,0.16,6.09,93.75
5,2,0.5,0.7,0.8,0.4,0.0,39.21,35.39,25.4
5,2,0.5,0.7,0.8,0.4,0.1,0.18,12.64,87.18
5,2,0.5,0.7,0.8,0.4,0.2,0.15,8.68,91.17
5,2,0.5,0.7,0.8,0.4,0.3,0.21,7.38,92.41
5,2,0.5,0.7,0.8,0.4,0.4,0.16,7.19,92.65
5,2,0.5,0.7,0.8,0.4,0.5,0.17,7.04,92.79
5,2,0.5,0.7,0.8,0.4,0.6,0.4,6.21,93.39
5,2,0.5,0.7,0.8,0.4,0.7,0.07,6.63,93.3
5,2,0.5,0.7,0.8,0.4,0.8,0.18,6.48,93.34
5,2,0.5,0.7,0.8,0.4,0.9,0.64,6.26,93.1
5,2,0.5,0.7,0.8,0.4,1.0,0.18,6.14,93.68
5,2,0.5,0.7,0.8,0.5,0.0,31.54,43.92,24.54
5,2,0.5,0.7,0.8,0.5,0.1,0.34,12.64,87.02
5,2,0.5,0.7,0.8,0.5,0.2,0.2,9.79,90.01
5,2,0.5,0.7,0.8,0.5,0.3,0.25,8.05,91.7
5,2,0.5,0.7,0.8,0.5,0.4,0.14,7.0,92.86
5,2,0.5,0.7,0.8,0.5,0.5,0.19,6.75,93.06
5,2,0.5,0.7,0.8,0.5,0.6,0.19,6.67,93.14
5,2,0.5,0.7,0.8,0.5,0.7,0.14,6.67,93.19
5,2,0.5,0.7,0.8,0.5,0.8,0.07,6.29,93.64
5,2,0.5,0.7,0.8,0.5,0.9,0.11,6.15,93.74
5,2,0.5,0.7,0.8,0.5,1.0,0.24,6.17,93.59
5,2,0.5,0.7,0.8,0.6,0.0,27.55,47.19,25.26
5,2,0.5,0.7,0.8,0.6,0.1,0.27,13.54,86.19
5,2,0.5,0.7,0.8,0.6,0.2,0.04,10.79,89.17
5,2,0.5,0.7,0.8,0.6,0.3,0.21,8.17,91.62
5,2,0.5,0.7,0.8,0.6,0.4,0.2,7.58,92.22
5,2,0.5,0.7,0.8,0.6,0.5,0.17,6.82,93.01
5,2,0.5,0.7,0.8,0.6,0.6,0.17,6.99,92.84
5,2,0.5,0.7,0.8,0.6,0.7,0.29,6.76,92.95
5,2,0.5,0.7,0.8,0.6,0.8,0.18,6.69,93.13
5,2,0.5,0.7,0.8,0.6,0.9,0.27,6.49,93.24
5,2,0.5,0.7,0.8,0.6,1.0,0.53,6.17,93.3
5,2,0.5,0.7,0.8,0.7,0.0,25.83,49.73,24.44
5,2,0.5,0.7,0.8,0.7,0.1,0.15,18.97,80.88
5,2,0.5,0.7,0.8,0.7,0.2,0.3,12.54,87.16
5,2,0.5,0.7,0.8,0.7,0.3,0.11,8.87,91.02
5,2,0.5,0.7,0.8,0.7,0.4,0.17,7.32,92.51
5,2,0.5,0.7,0.8,0.7,0.5,0.15,7.37,92.48
5,2,0.5,0.7,0.8,0.7,0.6,0.15,7.3,92.55
5,2,0.5,0.7,0.8,0.7,0.7,0.29,6.43,93.28
5,2,0.5,0.7,0.8,0.7,0.8,0.19,6.57,93.24
5,2,0.5,0.7,0.8,0.7,0.9,0.16,6.48,93.36
5,2,0.5,0.7,0.8,0.7,1.0,0.13,6.46,93.41
5,2,0.5,0.7,0.8,0.8,0.0,28.48,46.26,25.26
5,2,0.5,0.7,0.8,0.8,0.1,0.15,20.13,79.72
5,2,0.5,0.7,0.8,0.8,0.2,0.11,12.37,87.52
5,2,0.5,0.7,0.8,0.8,0.3,0.16,10.55,89.29
5,2,0.5,0.7,0.8,0.8,0.4,0.14,8.8,91.06
5,2,0.5,0.7,0.8,0.8,0.5,0.2,8.1,91.7
5,2,0.5,0.7,0.8,0.8,0.6,0.17,6.94,92.89
5,2,0.5,0.7,0.8,0.8,0.7,0.14,6.48,93.38
5,2,0.5,0.7,0.8,0.8,0.8,0.15,6.37,93.48
5,2,0.5,0.7,0.8,0.8,0.9,0.07,6.42,93.51
5,2,0.5,0.7,0.8,0.8,1.0,0.08,6.42,93.5
5,2,0.5,0.7,0.8,0.9,0.0,26.92,47.62,25.46
5,2,0.5,0.7,0.8,0.9,0.1,0.2,18.84,80.96
5,2,0.5,0.7,0.8,0.9,0.2,0.06,13.21,86.73
5,2,0.5,0.7,0.8,0.9,0.3,0.17,10.02,89.81
5,2,0.5,0.7,0.8,0.9,0.4,0.33,9.72,89.95
5,2,0.5,0.7,0.8,0.9,0.5,0.13,7.8,92.07
5,2,0.5,0.7,0.8,0.9,0.6,0.15,7.42,92.43
5,2,0.5,0.7,0.8,0.9,0.7,0.24,7.35,92.41
5,2,0.5,0.7,0.8,0.9,0.8,0.1,6.42,93.48
5,2,0.5,0.7,0.8,0.9,0.9,0.1,6.77,93.13
5,2,0.5,0.7,0.8,0.9,1.0,0.2,6.32,93.48
5,2,0.5,0.7,0.8,1.0,0.0,17.0,57.88,25.12
5,2,0.5,0.7,0.8,1.0,0.1,0.13,20.36,79.51
5,2,0.5,0.7,0.8,1.0,0.2,0.35,14.45,85.2
5,2,0.5,0.7,0.8,1.0,0.3,0.25,10.84,88.91
5,2,0.5,0.7,0.8,1.0,0.4,0.13,9.58,90.29
5,2,0.5,0.7,0.8,1.0,0.5,0.06,8.04,91.9
5,2,0.5,0.7,0.8,1.0,0.6,0.33,7.46,92.21
5,2,0.5,0.7,0.8,1.0,0.7,0.17,6.92,92.91
5,2,0.5,0.7,0.8,1.0,0.8,0.13,6.5,93.37
5,2,0.5,0.7,0.8,1.0,0.9,0.21,6.39,93.4
5,2,0.5,0.7,0.8,1.0,1.0,0.21,6.58,93.21
5,2,0.5,0.7,0.9,0.0,0.0,69.09,6.1,24.81
5,2,0.5,0.7,0.9,0.0,0.1,0.21,6.23,93.56
5,2,0.5,0.7,0.9,0.0,0.2,0.47,6.07,93.46
5,2,0.5,0.7,0.9,0.0,0.3,0.22,5.99,93.79
5,2,0.5,0.7,0.9,0.0,0.4,0.21,6.06,93.73
5,2,0.5,0.7,0.9,0.0,0.5,0.14,6.19,93.67
5,2,0.5,0.7,0.9,0.0,0.6,0.29,5.95,93.76
5,2,0.5,0.7,0.9,0.0,0.7,0.43,6.08,93.49
5,2,0.5,0.7,0.9,0.0,0.8,0.24,6.12,93.64
5,2,0.5,0.7,0.9,0.0,0.9,0.15,6.26,93.59
5,2,0.5,0.7,0.9,0.0,1.0,0.15,6.02,93.83
5,2,0.5,0.7,0.9,0.1,0.0,68.3,7.52,24.18
5,2,0.5,0.7,0.9,0.1,0.1,0.35,7.27,92.38
5,2,0.5,0.7,0.9,0.1,0.2,0.26,6.6,93.14
5,2,0.5,0.7,0.9,0.1,0.3,0.22,6.19,93.59
5,2,0.5,0.7,0.9,0.1,0.4,0.29,6.09,93.62
5,2,0.5,0.7,0.9,0.1,0.5,0.14,6.29,93.57
5,2,0.5,0.7,0.9,0.1,0.6,0.23,6.25,93.52
5,2,0.5,0.7,0.9,0.1,0.7,0.22,6.43,93.35
5,2,0.5,0.7,0.9,0.1,0.8,0.19,6.11,93.7
5,2,0.5,0.7,0.9,0.1,0.9,0.15,6.03,93.82
5,2,0.5,0.7,0.9,0.1,1.0,0.27,6.18,93.55
5,2,0.5,0.7,0.9,0.2,0.0,64.42,11.46,24.12
5,2,0.5,0.7,0.9,0.2,0.1,0.21,7.93,91.86
5,2,0.5,0.7,0.9,0.2,0.2,0.18,6.69,93.13
5,2,0.5,0.7,0.9,0.2,0.3,0.12,6.5,93.38
5,2,0.5,0.7,0.9,0.2,0.4,0.15,6.49,93.36
5,2,0.5,0.7,0.9,0.2,0.5,0.26,6.28,93.46
5,2,0.5,0.7,0.9,0.2,0.6,0.24,6.26,93.5
5,2,0.5,0.7,0.9,0.2,0.7,0.13,6.21,93.66
5,2,0.5,0.7,0.9,0.2,0.8,0.11,6.29,93.6
5,2,0.5,0.7,0.9,0.2,0.9,0.35,6.01,93.64
5,2,0.5,0.7,0.9,0.2,1.0,0.22,6.09,93.69
5,2,0.5,0.7,0.9,0.3,0.0,57.16,17.91,24.93
5,2,0.5,0.7,0.9,0.3,0.1,0.29,8.77,90.94
5,2,0.5,0.7,0.9,0.3,0.2,0.18,7.05,92.77
5,2,0.5,0.7,0.9,0.3,0.3,0.13,6.69,93.18
5,2,0.5,0.7,0.9,0.3,0.4,0.14,6.55,93.31
5,2,0.5,0.7,0.9,0.3,0.5,0.22,6.4,93.38
5,2,0.5,0.7,0.9,0.3,0.6,0.19,6.37,93.44
5,2,0.5,0.7,0.9,0.3,0.7,0.39,6.14,93.47
5,2,0.5,0.7,0.9,0.3,0.8,0.1,6.11,93.79
5,2,0.5,0.7,0.9,0.3,0.9,0.2,6.16,93.64
5,2,0.5,0.7,0.9,0.3,1.0,0.19,6.52,93.29
5,2,0.5,0.7,0.9,0.4,0.0,54.6,20.77,24.63
5,2,0.5,0.7,0.9,0.4,0.1,0.56,8.57,90.87
5,2,0.5,0.7,0.9,0.4,0.2,0.26,7.82,91.92
5,2,0.5,0.7,0.9,0.4,0.3,0.33,6.99,92.68
5,2,0.5,0.7,0.9,0.4,0.4,0.23,6.72,93.05
5,2,0.5,0.7,0.9,0.4,0.5,0.19,6.54,93.27
5,2,0.5,0.7,0.9,0.4,0.6,0.44,6.74,92.82
5,2,0.5,0.7,0.9,0.4,0.7,0.22,6.26,93.52
5,2,0.5,0.7,0.9,0.4,0.8,0.23,5.98,93.79
5,2,0.5,0.7,0.9,0.4,0.9,0.21,6.36,93.43
5,2,0.5,0.7,0.9,0.4,1.0,0.25,6.05,93.7
5,2,0.5,0.7,0.9,0.5,0.0,52.46,21.32,26.22
5,2,0.5,0.7,0.9,0.5,0.1,0.31,10.63,89.06
5,2,0.5,0.7,0.9,0.5,0.2,0.13,8.07,91.8
5,2,0.5,0.7,0.9,0.5,0.3,0.2,7.44,92.36
5,2,0.5,0.7,0.9,0.5,0.4,0.14,7.43,92.43
5,2,0.5,0.7,0.9,0.5,0.5,0.21,6.6,93.19
5,2,0.5,0.7,0.9,0.5,0.6,0.19,6.48,93.33
5,2,0.5,0.7,0.9,0.5,0.7,0.22,6.55,93.23
5,2,0.5,0.7,0.9,0.5,0.8,0.1,6.2,93.7
5,2,0.5,0.7,0.9,0.5,0.9,0.24,6.07,93.69
5,2,0.5,0.7,0.9,0.5,1.0,0.31,6.08,93.61
5,2,0.5,0.7,0.9,0.6,0.0,56.61,18.59,24.8
5,2,0.5,0.7,0.9,0.6,0.1,0.32,10.82,88.86
5,2,0.5,0.7,0.9,0.6,0.2,0.19,8.6,91.21
5,2,0.5,0.7,0.9,0.6,0.3,0.35,7.45,92.2
5,2,0.5,0.7,0.9,0.6,0.4,0.15,7.13,92.72
5,2,0.5,0.7,0.9,0.6,0.5,0.15,6.55,93.3
5,2,0.5,0.7,0.9,0.6,0.6,0.23,6.92,92.85
5,2,0.5,0.7,0.9,0.6,0.7,0.13,6.32,93.55
5,2,0.5,0.7,0.9,0.6,0.8,0.2,6.5,93.3
5,2,0.5,0.7,0.9,0.6,0.9,0.17,6.35,93.48
5,2,0.5,0.7,0.9,0.6,1.0,0.07,6.34,93.59
5,2,0.5,0.7,0.9,0.7,0.0,47.17,26.15,26.68
5,2,0.5,0.7,0.9,0.7,0.1,0.39,13.55,86.06
5,2,0.5,0.7,0.9,0.7,0.2,0.2,8.99,90.81
5,2,0.5,0.7,0.9,0.7,0.3,0.13,8.44,91.43
5,2,0.5,0.7,0.9,0.7,0.4,0.21,7.14,92.65
5,2,0.5,0.7,0.9,0.7,0.5,0.19,6.95,92.86
5,2,0.5,0.7,0.9,0.7,0.6,0.16,6.76,93.08
5,2,0.5,0.7,0.9,0.7,0.7,0.25,6.62,93.13
5,2,0.5,0.7,0.9,0.7,0.8,0.14,6.24,93.62
5,2,0.5,0.7,0.9,0.7,0.9,0.1,6.34,93.56
5,2,0.5,0.7,0.9,0.7,1.0,0.18,6.15,93.67
5,2,0.5,0.7,0.9,0.8,0.0,47.89,27.8,24.31
5,2,0.5,0.7,0.9,0.8,0.1,0.33,12.59,87.08
5,2,0.5,0.7,0.9,0.8,0.2,0.19,10.21,89.6
5,2,0.5,0.7,0.9,0.8,0.3,0.17,8.4,91.43
5,2,0.5,0.7,0.9,0.8,0.4,0.2,7.7,92.1
5,2,0.5,0.7,0.9,0.8,0.5,0.21,7.13,92.66
5,2,0.5,0.7,0.9,0.8,0.6,0.14,6.64,93.22
5,2,0.5,0.7,0.9,0.8,0.7,0.15,6.59,93.26
5,2,0.5,0.7,0.9,0.8,0.8,0.22,6.29,93.49
5,2,0.5,0.7,0.9,0.8,0.9,0.11,6.38,93.51
5,2,0.5,0.7,0.9,0.8,1.0,0.12,6.22,93.66
5,2,0.5,0.7,0.9,0.9,0.0,46.55,29.73,23.72
5,2,0.5,0.7,0.9,0.9,0.1,0.25,13.58,86.17
5,2,0.5,0.7,0.9,0.9,0.2,0.3,11.42,88.28
5,2,0.5,0.7,0.9,0.9,0.3,0.2,8.57,91.23
5,2,0.5,0.7,0.9,0.9,0.4,0.15,7.45,92.4
5,2,0.5,0.7,0.9,0.9,0.5,0.29,6.91,92.8
5,2,0.5,0.7,0.9,0.9,0.6,0.16,7.22,92.62
5,2,0.5,0.7,0.9,0.9,0.7,0.41,6.39,93.2
5,2,0.5,0.7,0.9,0.9,0.8,0.19,6.86,92.95
5,2,0.5,0.7,0.9,0.9,0.9,0.3,6.37,93.33
5,2,0.5,0.7,0.9,0.9,1.0,0.13,6.14,93.73
5,2,0.5,0.7,0.9,1.0,0.0,43.98,31.05,24.97
5,2,0.5,0.7,0.9,1.0,0.1,0.15,13.65,86.2
5,2,0.5,0.7,0.9,1.0,0.2,0.13,10.84,89.03
5,2,0.5,0.7,0.9,1.0,0.3,0.15,8.66,91.19
5,2,0.5,0.7,0.9,1.0,0.4,0.17,8.38,91.45
5,2,0.5,0.7,0.9,1.0,0.5,0.13,7.95,91.92
5,2,0.5,0.7,0.9,1.0,0.6,0.24,6.86,92.9
5,2,0.5,0.7,0.9,1.0,0.7,0.23,6.53,93.24
5,2,0.5,0.7,0.9,1.0,0.8,0.31,6.44,93.25
5,2,0.5,0.7,0.9,1.0,0.9,0.19,6.54,93.27
5,2,0.5,0.7,0.9,1.0,1.0,0.1,6.14,93.76
5,2,0.5,0.7,1.0,0.0,0.0,69.4,6.26,24.34
5,2,0.5,0.7,1.0,0.0,0.1,0.27,6.2,93.53
5,2,0.5,0.7,1.0,0.0,0.2,0.16,6.06,93.78
5,2,0.5,0.7,1.0,0.0,0.3,0.22,6.06,93.72
5,2,0.5,0.7,1.0,0.0,0.4,0.19,6.06,93.75
5,2,0.5,0.7,1.0,0.0,0.5,0.19,6.21,93.6
5,2,0.5,0.7,1.0,0.0,0.6,0.2,6.13,93.67
5,2,0.5,0.7,1.0,0.0,0.7,0.37,6.28,93.35
5,2,0.5,0.7,1.0,0.0,0.8,0.2,6.16,93.64
5,2,0.5,0.7,1.0,0.0,0.9,0.21,6.12,93.67
5,2,0.5,0.7,1.0,0.0,1.0,0.21,5.96,93.83
5,2,0.5,0.7,1.0,0.1,0.0,69.47,6.49,24.04
5,2,0.5,0.7,1.0,0.1,0.1,0.3,6.44,93.26
5,2,0.5,0.7,1.0,0.1,0.2,0.09,6.18,93.73
5,2,0.5,0.7,1.0,0.1,0.3,0.35,6.29,93.36
5,2,0.5,0.7,1.0,0.1,0.4,0.16,6.11,93.73
5,2,0.5,0.7,1.0,0.1,0.5,0.34,6.11,93.55
5,2,0.5,0.7,1.0,0.1,0.6,0.23,6.21,93.56
5,2,0.5,0.7,1.0,0.1,0.7,0.48,6.13,93.39
5,2,0.5,0.7,1.0,0.1,0.8,0.16,6.03,93.81
5,2,0.5,0.7,1.0,0.1,0.9,0.22,6.14,93.64
5,2,0.5,0.7,1.0,0.1,1.0,0.18,6.1,93.72
5,2,0.5,0.7,1.0,0.2,0.0,67.95,6.95,25.1
5,2,0.5,0.7,1.0,0.2,0.1,0.28,7.34,92.38
5,2,0.5,0.7,1.0,0.2,0.2,0.19,6.52,93.29
5,2,0.5,0.7,1.0,0.2,0.3,0.22,6.33,93.45
5,2,0.5,0.7,1.0,0.2,0.4,0.14,6.28,93.58
5,2,0.5,0.7,1.0,0.2,0.5,0.16,6.22,93.62
5,2,0.5,0.7,1.0,0.2,0.6,0.18,6.17,93.65
5,2,0.5,0.7,1.0,0.2,0.7,0.16,6.1,93.74
5,2,0.5,0.7,1.0,0.2,0.8,0.18,6.3,93.52
5,2,0.5,0.7,1.0,0.2,0.9,0.34,6.04,93.62
5,2,0.5,0.7,1.0,0.2,1.0,0.26,6.27,93.47
5,2,0.5,0.7,1.0,0.3,0.0,69.41,6.95,23.64
5,2,0.5,0.7,1.0,0.3,0.1,0.44,7.34,92.22
5,2,0.5,0.7,1.0,0.3,0.2,0.27,7.1,92.63
5,2,0.5,0.7,1.0,0.3,0.3,0.2,6.32,93.48
5,2,0.5,0.7,1.0,0.3,0.4,0.11,6.33,93.56
5,2,0.5,0.7,1.0,0.3,0.5,0.32,6.21,93.47
5,2,0.5,0.7,1.0,0.3,0.6,0.19,6.27,93.54
5,2,0.5,0.7,1.0,0.3,0.7,0.15,6.0,93.85
5,2,0.5,0.7,1.0,0.3,0.8,0.13,6.41,93.46
5,2,0.5,0.7,1.0,0.3,0.9,0.22,6.09,93.69
5,2,0.5,0.7,1.0,0.3,1.0,0.35,6.03,93.62
5,2,0.5,0.7,1.0,0.4,0.0,67.18,7.54,25.28
5,2,0.5,0.7,1.0,0.4,0.1,0.31,7.2,92.49
5,2,0.5,0.7,1.0,0.4,0.2,0.18,7.01,92.81
5,2,0.5,0.7,1.0,0.4,0.3,0.24,6.71,93.05
5,2,0.5,0.7,1.0,0.4,0.4,0.2,6.56,93.24
5,2,0.5,0.7,1.0,0.4,0.5,0.25,6.24,93.51
5,2,0.5,0.7,1.0,0.4,0.6,0.23,6.32,93.45
5,2,0.5,0.7,1.0,0.4,0.7,0.17,6.08,93.75
5,2,0.5,0.7,1.0,0.4,0.8,0.25,6.15,93.6
5,2,0.5,0.7,1.0,0.4,0.9,0.28,6.16,93.56
5,2,0.5,0.7,1.0,0.4,1.0,0.19,6.16,93.65
5,2,0.5,0.7,1.0,0.5,0.0,69.44,6.19,24.37
5,2,0.5,0.7,1.0,0.5,0.1,0.24,7.73,92.03
5,2,0.5,0.7,1.0,0.5,0.2,0.12,6.94,92.94
5,2,0.5,0.7,1.0,0.5,0.3,0.15,6.46,93.39
5,2,0.5,0.7,1.0,0.5,0.4,0.24,6.64,93.12
5,2,0.5,0.7,1.0,0.5,0.5,0.2,6.3,93.5
5,2,0.5,0.7,1.0,0.5,0.6,0.19,6.31,93.5
5,2,0.5,0.7,1.0,0.5,0.7,0.29,6.3,93.41
5,2,0.5,0.7,1.0,0.5,0.8,0.24,6.12,93.64
5,2,0.5,0.7,1.0,0.5,0.9,0.21,6.06,93.73
5,2,0.5,0.7,1.0,0.5,1.0,0.27,6.1,93.63
5,2,0.5,0.7,1.0,0.6,0.0,67.62,6.42,25.96
5,2,0.5,0.7,1.0,0.6,0.1,0.36,7.45,92.19
5,2,0.5,0.7,1.0,0.6,0.2,0.21,7.0,92.79
5,2,0.5,0.7,1.0,0.6,0.3,0.25,7.11,92.64
5,2,0.5,0.7,1.0,0.6,0.4,0.16,6.61,93.23
5,2,0.5,0.7,1.0,0.6,0.5,0.18,6.36,93.46
5,2,0.5,0.7,1.0,0.6,0.6,0.39,6.3,93.31
5,2,0.5,0.7,1.0,0.6,0.7,0.22,6.18,93.6
5,2,0.5,0.7,1.0,0.6,0.8,0.19,6.09,93.72
5,2,0.5,0.7,1.0,0.6,0.9,0.29,6.06,93.65
5,2,0.5,0.7,1.0,0.6,1.0,0.22,6.13,93.65
5,2,0.5,0.7,1.0,0.7,0.0,69.0,6.79,24.21
5,2,0.5,0.7,1.0,0.7,0.1,0.24,9.18,90.58
5,2,0.5,0.7,1.0,0.7,0.2,0.25,7.2,92.55
5,2,0.5,0.7,1.0,0.7,0.3,0.28,7.13,92.59
5,2,0.5,0.7,1.0,0.7,0.4,0.14,6.67,93.19
5,2,0.5,0.7,1.0,0.7,0.5,0.22,6.52,93.26
5,2,0.5,0.7,1.0,0.7,0.6,0.33,6.25,93.42
5,2,0.5,0.7,1.0,0.7,0.7,0.36,6.25,93.39
5,2,0.5,0.7,1.0,0.7,0.8,0.25,6.23,93.52
5,2,0.5,0.7,1.0,0.7,0.9,0.28,5.96,93.76
5,2,0.5,0.7,1.0,0.7,1.0,0.22,6.26,93.52
5,2,0.5,0.7,1.0,0.8,0.0,68.29,6.47,25.24
5,2,0.5,0.7,1.0,0.8,0.1,0.34,7.99,91.67
5,2,0.5,0.7,1.0,0.8,0.2,0.19,7.55,92.26
5,2,0.5,0.7,1.0,0.8,0.3,0.2,7.31,92.49
5,2,0.5,0.7,1.0,0.8,0.4,0.39,6.97,92.64
5,2,0.5,0.7,1.0,0.8,0.5,0.13,6.75,93.12
5,2,0.5,0.7,1.0,0.8,0.6,0.25,6.55,93.2
5,2,0.5,0.7,1.0,0.8,0.7,0.23,6.49,93.28
5,2,0.5,0.7,1.0,0.8,0.8,0.27,6.24,93.49
5,2,0.5,0.7,1.0,0.8,0.9,0.2,6.14,93.66
5,2,0.5,0.7,1.0,0.8,1.0,0.2,6.28,93.52
5,2,0.5,0.7,1.0,0.9,0.0,68.11,6.85,25.04
5,2,0.5,0.7,1.0,0.9,0.1,0.51,8.69,90.8
5,2,0.5,0.7,1.0,0.9,0.2,0.18,7.5,92.32
5,2,0.5,0.7,1.0,0.9,0.3,0.19,7.23,92.58
5,2,0.5,0.7,1.0,0.9,0.4,0.19,6.62,93.19
5,2,0.5,0.7,1.0,0.9,0.5,0.19,6.57,93.24
5,2,0.5,0.7,1.0,0.9,0.6,0.2,6.51,93.29
5,2,0.5,0.7,1.0,0.9,0.7,0.33,6.61,93.06
5,2,0.5,0.7,1.0,0.9,0.8,0.27,6.16,93.57
5,2,0.5,0.7,1.0,0.9,0.9,0.27,6.3,93.43
5,2,0.5,0.7,1.0,0.9,1.0,0.22,6.22,93.56
5,2,0.5,0.7,1.0,1.0,0.0,67.63,7.16,25.21
5,2,0.5,0.7,1.0,1.0,0.1,0.33,9.24,90.43
5,2,0.5,0.7,1.0,1.0,0.2,0.1,8.45,91.45
5,2,0.5,0.7,1.0,1.0,0.3,0.25,7.56,92.19
5,2,0.5,0.7,1.0,1.0,0.4,0.54,6.96,92.5
5,2,0.5,0.7,1.0,1.0,0.5,0.15,6.75,93.1
5,2,0.5,0.7,1.0,1.0,0.6,0.15,6.68,93.17
5,2,0.5,0.7,1.0,1.0,0.7,0.17,6.39,93.44
5,2,0.5,0.7,1.0,1.0,0.8,0.24,6.35,93.41
5,2,0.5,0.7,1.0,1.0,0.9,0.12,6.53,93.35
5,2,0.5,0.7,1.0,1.0,1.0,0.29,6.08,93.63
